c,x,l,m,y
0.17259717361753776,0,0,1,121.72580271648914
-0.31015679715023464,0,0,0,120.07927058243511
0.46539049824910556,0,0,1,122.29270775879678
-0.9007965281018376,1,0,0,119.50661710176796
-1.2990089168142238,0,0,0,117.9373643919117
-0.5581850230380122,0,0,0,118.5984103909343
0.19137264698849166,0,0,0,120.47577453620184
0.12994194451628158,0,0,0,119.2789549868572
1.4313725821244154,0,1,0,125.82550946648234
0.6047020593834571,0,0,0,121.36538564901645
-1.770617924987172,1,1,1,123.33656385288415
0.7770935245618277,1,1,1,126.60300372201525
0.331075704240186,0,0,1,122.51952426223312
0.42632268801003537,0,0,0,121.26387813550971
-1.6032824316880887,0,1,0,118.85000823121192
0.606031968276766,0,0,0,120.89884494575672
-0.6346753669877316,0,0,0,121.19928642550931
-2.0985219159862485,1,0,1,120.25461675653344
0.20205120354451284,0,1,0,123.69081328026336
2.5532498006585236,0,0,1,126.50970711215211
1.0092818307741653,0,0,1,123.13561292984376
-0.1261384122077593,0,1,0,122.03792643130662
-0.5793762056025662,0,0,0,118.4725925596145
-0.663434419088753,0,0,0,119.83703506592668
0.010080735451095708,0,0,0,120.07772178922944
-0.260273855051065,0,0,0,119.9529139096772
-0.3862797374436905,0,0,1,121.19720800021496
0.8100880538905378,0,0,0,121.6218363465212
-0.7617117854476173,0,0,0,118.832546222045
-0.35564246021413276,0,0,0,120.50160780423612
0.2921505212268477,0,0,0,120.5853312352681
1.808773845310189,0,0,0,121.35512302909112
1.0238540477297953,0,0,0,122.47540043391388
0.2298289444311755,0,0,0,121.83394424740771
-0.2736006698630387,0,1,0,122.56661566098325
-0.5352464806291185,0,0,0,120.17859965644104
-1.4642153081974065,0,0,0,118.7831805853561
-0.7588924080937988,0,0,0,120.20682833068084
-1.7317981510337943,0,0,0,116.63361133516388
1.1931372539364702,1,0,0,124.11832950206518
-1.894153842863576,0,0,0,115.02165856403354
0.87940452112949,0,1,1,125.95259532056004
-0.7568030196583995,0,0,0,119.66297243826692
-0.3095712347221696,0,0,0,118.89140326917725
0.0026796871775518695,0,0,0,120.4137303202496
-1.7823391769219634,0,1,0,118.80875408610648
0.7161435482252803,0,0,0,122.87561146861442
-0.12543867008021076,1,0,0,121.26382150701676
-0.901537756584941,0,0,0,118.84839281375652
1.6201263234444245,0,0,0,121.91600813757913
0.47913025364178835,0,0,0,121.46623796914106
1.5719992920503232,0,0,0,122.6647046223437
1.7145133442391014,0,1,0,125.49384308942936
-0.6467558674081859,0,1,0,121.27725257608658
-0.2310639221397215,0,0,0,119.06235383839932
0.04320561019868232,0,1,0,121.6975190165844
-0.07354284381832932,0,0,0,119.32086487538882
1.1682664651950319,0,0,0,123.3432959074524
-1.5039734261533453,0,0,0,118.19171519667437
0.31908340435514393,0,0,0,120.26449640517048
1.2347896586864389,0,0,1,125.02683104076571
0.749534667720173,0,0,0,121.43926529106716
1.029137074338531,0,0,0,122.38419603010922
-0.2281351650863717,0,0,0,119.40540309013666
-0.539181025232486,0,0,0,119.3477200008938
-0.022629233955133204,0,0,1,120.80563278770194
1.4454021090973515,1,1,1,128.15901357493794
-2.87466422133112,0,0,0,115.3888546701041
-0.6612054210773516,0,0,0,118.13474951060456
-1.0052976890978866,0,0,0,117.48460828000393
-0.07214376524799504,0,0,0,120.01091518434365
0.5850668398371525,0,0,0,120.21097978030188
-0.37147229266535936,0,0,0,118.33627275871883
0.45337323419947106,0,0,0,120.10370110436322
0.1500707086552078,0,0,0,120.86774093249625
-1.058551033627393,0,0,0,117.9234669184152
0.30824408202658143,0,0,0,121.42073739967412
0.4095701636322344,0,0,0,121.26648473897376
-0.5365336754561344,0,0,0,118.08958049966849
0.2564558507774876,0,0,0,122.36037761361104
0.5630404538368275,0,0,0,122.6626062839402
-0.4425979893671902,0,0,0,119.54095115117693
1.3814735547902182,0,0,0,121.65306509245175
-1.0623506148076314,0,0,0,117.74902766411704
0.20332595077237964,0,1,1,126.2048229759804
0.3666264893316843,0,0,0,121.35878120726365
0.06753354615433427,0,0,1,121.53721383363
1.817331624799374,0,1,1,126.05372676849194
-0.04948029176637527,0,0,0,120.15671853234782
2.02542797305137,0,0,0,122.81599716357084
-1.1283500647706675,0,0,0,119.96390174154612
-0.4008136173059167,0,0,0,117.33667815104891
-2.0452947346191834,0,0,0,116.69136106831616
-0.9468243219523043,0,0,1,117.76098792114168
-0.5405311478823737,0,1,0,122.09413396846472
-0.5907913876428238,0,0,1,121.898043884933
-0.9595121801314401,0,0,0,118.15445214948748
0.5724154710202679,0,0,0,121.47456219941836
1.2107107103094086,0,0,0,121.97460699695564
-1.224528299317502,0,0,0,118.42479469846948
0.6279993551956442,0,0,0,120.45125798237255
0.1625201633928986,0,0,0,120.44076640959685
0.6936487293452349,0,0,0,121.38039064934236
-1.2177520089128737,0,0,0,118.51273208181496
-0.9350462027997132,1,0,0,120.0777409360274
-0.37965305569183105,0,0,0,121.10912201926506
1.8377678835009201,0,1,1,126.23598176712795
-0.9422483395855467,0,0,0,118.08662831407511
-0.36984837693082934,0,1,0,121.16102294847543
0.0622425066273943,0,1,0,121.1044203234549
-1.4313228231645467,0,0,0,118.75129071800048
0.6767444958164913,0,0,0,121.85119044574868
-0.2760503504816022,0,0,0,121.43819610106864
1.251487823422418,0,0,0,120.60455910969644
-0.7826096634866082,0,0,0,119.94120700166542
1.0355490165141163,0,0,0,121.4933328467246
0.15516984293877784,0,1,1,124.87525538278724
1.0386861337811961,0,0,0,121.52864021657102
0.6241215864004156,0,0,0,119.8912004922296
-1.9282092158756436,0,0,0,117.98847463153425
2.3952481542372968,0,0,0,124.3758435818377
-1.5144622383510533,0,0,0,118.54998121612884
-0.2652262100301119,0,0,0,120.25737137397776
0.17257785306435403,0,0,0,119.09213674082936
0.5037897447063501,1,0,0,121.75578075337964
0.16303983368340452,0,0,0,119.98171173222008
0.5900069164706226,1,1,0,123.8571325823524
0.5739367260473143,0,0,0,121.1114846372666
0.4924274485243732,0,0,0,121.62605499872468
1.5132610287154264,0,0,1,123.53483689131706
-1.7833494020686094,0,0,0,117.28300362544196
0.012759206398697728,0,0,0,121.56697852654732
0.2866440018348169,0,0,0,120.59744693926535
-0.32329172931256744,0,0,0,119.80312965350538
-1.755678432654252,0,0,0,117.21390020463188
-1.0292910758584135,0,0,0,119.01984552160609
-0.3444768587421536,0,0,0,119.648519620113
0.3660538116098879,0,0,0,120.35145707691372
1.0713348135111036,0,0,1,124.16489084257653
0.9191808742092429,0,0,0,122.47150590691663
-1.1797701661291486,0,0,0,119.55697408001602
1.2179361773103214,0,0,0,120.93157333792776
-0.8129380214984394,0,0,0,120.52563478844048
-0.8441979961009504,0,0,0,117.81744688999215
0.008135411290259265,0,0,1,122.1673588744704
-0.15734064191763017,0,1,0,123.13398974614816
0.06869297673772846,0,1,1,125.48066662608932
-1.0865134133380159,0,0,0,118.09087599271842
-0.008537163975639077,1,0,0,123.85947072277332
1.059220533270448,0,0,0,121.90993223047634
0.2834144265523445,0,0,0,121.48715930600856
-1.5619987817485304,0,1,0,120.82720253192127
-0.08793113515939503,0,0,0,119.36038771461492
-0.5952822915202349,0,0,0,119.9649186150168
0.29365814666866347,0,0,0,120.8493092466622
0.026751320897777,0,0,0,120.42223636046444
-0.1983346807430394,0,0,0,119.99824059479064
0.7703813026388118,0,1,0,123.93158080456332
-0.049419182989612995,0,0,1,121.67970607933776
-0.19713433498966304,0,0,1,123.86661828440964
-0.9207620753654264,0,0,0,119.45395081359194
0.4002343880713339,1,0,0,122.65293816245511
1.1607606760771385,0,0,0,121.88469005680236
-0.24989038717039622,0,0,0,121.1919905035297
-0.6213770927760947,0,1,0,120.66772357808632
2.0303437267472457,0,0,0,122.50447583077975
-0.325326645830779,0,0,0,121.06753334551216
-0.7997695942316654,0,0,0,118.958417962096
0.04312995721070565,0,0,0,119.94520490988536
0.8066681752341127,0,1,0,124.25950911672648
0.47064745070979236,0,0,0,120.7929267355646
-0.15288022454692216,0,0,0,120.7771501023219
-0.47687947622332827,0,0,0,119.4491055143595
1.0144602464673829,0,0,0,120.72980420905031
0.1355160570944901,1,0,0,121.14247370737824
0.9666561746761316,0,0,0,122.20256693588615
-0.27441015816179887,0,0,0,119.08723203396173
-1.8584074481909854,1,0,0,118.04251839398376
0.5941965501754373,0,0,0,118.9675683150407
0.25259892751452384,0,1,0,121.45946404075036
-0.20499084799760217,0,0,0,120.1911888872458
-0.24497101863376863,0,1,0,120.78704497566736
-1.6652994107838748,0,0,0,117.78890937037023
0.13401944684598513,0,0,1,123.06641548267751
0.6949880681072412,0,0,0,121.72131234994052
0.36802253278719466,0,0,0,122.04444475452804
-0.8144166747134973,0,0,0,119.08314381032235
0.33511995195385613,0,1,0,124.98676604961436
-0.7248541412161527,0,0,0,119.9639341809779
1.3132966628809521,0,1,1,125.1664237299568
-1.10830130171337,0,0,0,115.35557776103477
1.9603392680465512,0,0,0,124.35324809441737
1.2763008781546978,0,1,1,125.33698690632426
1.4190571178172544,0,0,0,121.65383524264692
-0.21497380766635804,0,1,0,123.93288971432044
-0.7221490126177096,0,1,0,120.5435098795037
-0.09109571924653768,0,0,0,118.8152865404908
-1.219283712611129,0,0,0,118.0906792820553
0.6998894720094263,0,1,1,125.0598076983324
-0.10030919659371534,0,0,0,117.95738370796676
1.5869828511378397,0,0,1,122.58298500906876
0.0086872036096828,0,0,0,119.69699668956488
1.7020742271123421,1,0,0,124.64506583802276
1.3655246883930836,0,0,1,122.46783629467684
0.4631514701724795,0,0,0,120.18736370642338
-1.815047366975609,0,1,0,119.64154980690562
-0.27004816952932564,0,0,0,120.42307384233293
1.5061677596610348,0,0,0,120.01374294598796
0.17366926256779583,0,0,0,120.2826047879401
-0.7573457148893501,0,0,0,120.45091348425264
-0.14629562631994686,0,0,1,120.32624697329744
1.2529185048432459,0,0,0,121.02433290315844
-0.35100130953389413,0,0,1,120.48753188663946
-1.0486510072445225,0,0,0,119.09692832748226
-0.680774347371059,0,0,0,118.94138116155987
-0.12307876331041655,0,0,0,120.29858024760478
1.4148794574991808,0,0,1,122.8525564169131
0.7405619594560776,1,1,0,125.6135229195995
1.7708236818576175,0,0,0,123.31471277861291
-0.6562380325813295,0,0,0,118.70195619947252
-0.2486961380603481,0,0,0,118.92770446569628
0.40419572275754095,0,1,1,124.6616938970628
-1.1707819853856931,0,0,0,116.55496107482357
1.4780916849214725,1,1,0,127.92182459181193
-0.3422863887183845,0,0,0,118.31972219467254
0.36533670982960037,1,0,1,123.1091341597854
-1.3919920145537417,0,1,0,119.1517821630755
-1.0866852416527235,0,0,0,119.74020722385052
0.41924205853887453,0,0,0,121.91865359248315
2.3683341663055377,0,0,1,124.44352667795955
1.1356292829272092,0,0,0,120.1783139590928
0.7481989743324753,0,1,1,124.87279855223905
0.44532490286136833,0,0,0,119.8918397638964
0.808320834297254,0,0,0,119.82574683404304
1.4751852570862174,0,1,0,126.1470852419857
-1.75860921218178,1,0,0,120.33571696053956
0.9805429283314726,1,1,1,127.25266808308146
-0.05869080291011669,0,0,0,117.99516125723018
0.09568805121162863,0,0,0,121.94566721268752
-1.1233778860291612,0,0,0,115.45296816002522
0.5831789402862377,1,0,0,120.1739966115166
-1.9104568165091207,0,0,0,118.0215862118354
2.1048785559697087,0,0,0,121.46460526698176
-1.97408329929294,1,0,1,119.03129789900724
-1.0272946837571009,0,0,0,119.03878677052164
-0.005070303051413695,0,0,0,119.62831673220552
-0.11035573721950523,0,0,0,120.13935451988144
-0.5670645473631424,0,0,0,119.74153465114318
-0.1639929009925488,0,1,1,122.99625000004318
0.5322012410013411,0,0,0,118.99770635369444
-0.6654110515796282,0,0,1,118.0591633250194
-1.2161233747858178,0,0,0,118.68655503983368
0.6855639415067939,1,0,0,122.32877202008092
0.9024470211381074,0,0,0,120.86134498153208
-0.9555320420336983,0,0,1,121.20251225341906
0.03895177879198693,1,0,1,120.97634301688804
-1.5940864635413912,0,0,0,117.648079757328
1.5774836757097928,1,0,0,123.7447407158754
0.5793052926308604,0,0,0,120.95991352915252
-1.199105810049395,0,1,0,121.53479864413563
1.136701457153591,0,1,1,123.97424167249676
0.48867074306424635,0,0,0,121.25893463803084
-2.0719200381550373,0,0,0,117.64922715586368
0.8450287243449826,0,0,0,122.4915886926836
1.0252548538577562,0,0,0,120.86020563406704
0.8618482731212447,1,0,0,122.48281089478247
2.1616413528922203,0,0,0,123.8122544012316
-0.5073068566067052,0,0,0,117.74679321440304
0.6320239735728674,0,0,0,120.77539988796394
-0.38269454752257764,0,0,0,119.94881619027356
0.6061969568374356,0,0,0,121.58237049104204
0.45900498039304577,0,0,0,120.51944402733952
-0.28173452117177117,0,0,1,120.27431363110904
-0.8565382000869364,0,0,0,120.98773399704002
0.24854726531030719,0,1,0,123.38708281658994
1.124545276360428,1,0,0,122.59395807571796
-0.7921788417184988,0,1,0,122.37223189669756
-0.29397359183571736,1,1,0,124.220382952883
1.3974387577077807,0,0,0,120.08937620141792
-0.06741811678511295,0,0,0,122.1378451056452
-0.31143481870341244,0,0,0,119.37101062851208
0.4382495434961188,0,0,0,121.4333609630046
-1.1791103139726684,0,0,0,118.3775163318218
-1.7853520798243456,0,0,0,119.3608252025084
-0.158334093043634,0,0,0,120.29910164060664
0.3495405727930784,0,0,0,121.70130672562811
-0.29810060531392096,0,0,1,121.41103253645568
0.4557218990616803,0,1,0,123.67428901374002
1.3262099317936182,0,0,0,120.18638380611796
-0.9298151749898237,0,0,0,118.9564510630476
0.9851099573860714,0,0,0,120.91850100314907
-0.9647987720961181,0,1,0,120.59003483515116
-1.8038859385535724,0,0,0,117.86966413271536
0.2034284473193047,0,0,0,120.5732613877934
0.6644383097277526,0,0,1,122.13642138303275
-0.8529587554631737,0,1,0,120.98602798942945
-0.525417376357747,0,0,0,119.28818408145688
-0.7885415634221057,1,0,0,119.44570777895872
1.274525465813737,0,0,0,120.6757803668882
-0.20047063536834592,0,0,0,118.5925220509002
-1.6510968138563815,0,0,0,117.15015991711398
2.8894305007308043,0,0,0,123.56711193471334
1.3239176653455131,1,0,1,123.87204422222472
-1.3369828299102187,1,1,1,121.28589578781016
-1.7007861245927858,0,0,0,117.47988226983084
-0.6107052283996455,0,0,0,118.464944419709
1.5585176214594632,0,0,0,122.23035562805522
0.18580562395259487,0,0,0,120.52308770241426
-1.4087510128877252,0,0,0,115.97788271511854
1.269656993975639,0,0,0,120.75286553617391
-0.24040509895280676,0,0,0,119.57235696767052
-1.3944122372623071,0,0,1,118.0695424964548
-1.1046385371578127,0,1,0,120.33937661151438
0.6153061970037078,0,0,0,120.58826310043412
0.181950891530178,0,0,0,118.47150120473698
0.8495682442028575,0,0,0,121.83663948266992
-0.3709173291764729,0,0,0,119.54214242229322
-2.382575640698109,0,1,0,118.56872186652866
-0.6941518428817751,0,0,0,119.84284446675052
-2.3746168063952986,0,0,0,114.60596844766653
1.032252579205553,1,0,1,124.5571738697452
-0.6578771751540918,0,0,0,119.93512607849756
-0.7947855326515609,0,0,0,119.17232028648768
-0.22057268955558215,0,0,0,120.25929965369303
-0.2983979895101497,0,0,0,120.21095719990534
-1.7338912410756635,0,0,0,117.76340178602848
1.6920389161805827,1,0,0,125.39598882574413
0.29091693145805875,0,0,0,120.514202902856
0.42728542104320494,0,0,0,120.64280543084384
-0.40152325686934937,0,0,0,118.12467854778907
0.12396874231679762,0,1,0,123.0916558599736
-0.03336249829452208,0,0,0,119.53208385633054
0.48797210614637404,1,1,1,126.14853718422005
0.8552305305340671,0,1,0,121.86435437329963
0.801970822550951,0,0,1,121.19800921379289
-1.1916930360300466,0,0,0,119.53268659046547
0.6225466915375772,0,0,0,120.9815383551593
-0.2210496663309748,0,0,0,119.53813885704794
0.5780659072181633,0,0,0,119.7917161012066
-0.3287983751716408,0,1,0,121.18222942916992
-0.6341129211013024,0,0,0,117.52218948176066
1.457832355123286,1,0,1,126.53778772004615
-1.0880101562201292,0,0,0,118.6024741821392
-0.5113294953182198,0,0,0,120.61717861701185
0.10935084538076507,0,0,0,120.93523491670317
0.41954603101072185,0,0,0,120.53279122725236
-0.33807695364703916,0,0,0,120.65716111265613
-0.1928582220164971,0,0,1,121.38073097115092
-0.31182068350631165,0,0,0,120.0332327401986
0.6126845620822368,0,0,1,120.77017804745724
0.972666236687698,0,1,0,124.05621214492982
0.012134350804170822,0,0,1,123.05744707735066
0.09494643315571362,0,0,0,118.43847300902344
0.5679583518973894,0,0,0,121.27288827000308
1.197955664172664,0,1,0,124.24331462070523
-1.1902075708539914,0,0,0,117.7120860001442
1.1789484328648856,0,0,0,123.03291733996365
0.10272129835174758,0,0,0,120.26382432232164
0.8805372272273273,0,0,0,120.6144102748846
-1.241804147506254,1,0,0,122.61179887788872
-1.9078404509861278,0,0,0,115.55523285642394
1.9323012239236224,0,0,0,123.39079492589144
-0.24196501581458257,0,0,0,120.6045929342061
0.11396368505187296,0,0,0,117.73134375975914
0.7761824180901703,0,0,0,121.60141259128956
-1.1259663838317957,0,1,0,120.57638018416462
-1.8185787280811228,0,0,0,116.97633826960364
0.3323981490664887,0,0,0,119.36921737946992
3.0571443483178746,0,0,0,125.5639281916402
1.2214693002076862,0,0,0,121.23083433416842
0.25430106846805917,0,1,0,123.42500319437612
-1.26747843085913,0,0,0,117.98236835247798
-0.6323019064690799,0,0,0,119.69360483846714
0.6300571498922465,0,0,1,121.647378654829
-0.8903675919713385,0,0,0,119.80631344481137
1.2501673374663544,0,0,0,123.14945460379376
0.40033492964747297,0,0,0,120.90035867434632
0.4936389375687909,0,1,1,124.87305671469927
-0.813365464164564,0,0,0,121.30660208920494
-1.0010280467142234,0,0,0,118.79096349486342
-0.45694180217608266,0,0,0,119.6444537774801
-1.306138857975914,0,0,0,117.99537613374088
0.9468145257440744,1,0,0,124.52807660896376
1.4902907612902276,0,0,0,122.06699112648585
-0.434231759146869,0,0,0,118.7115056087213
0.9023167979020819,0,0,0,120.8039892449579
-0.4405344696618397,0,0,0,121.207963879798
-0.6994972710656753,0,1,0,121.32761341885184
-1.0787007752048692,0,0,0,118.83762108624585
0.25679089309161085,0,0,0,120.38513437731692
-0.9334701032270526,0,1,0,122.42062567154488
-0.6521469253161706,0,0,0,118.2186986278916
-0.9443455133223883,0,1,0,120.57759710202976
-0.9221396091226082,0,0,0,119.55928296255642
-0.6626238633011297,1,0,0,120.58879385538536
0.8526415325926842,0,0,1,120.14330739008956
-0.6910623345274952,1,1,1,125.084803955946
-0.4952396858604221,0,1,0,121.61100455629412
0.2935782719604846,0,0,0,120.93213508632957
-2.0819677605772227,0,1,0,117.94403256978784
0.4996444425768168,1,0,0,123.05780792135306
0.5091446685878137,0,0,0,120.98296591910558
-1.4721092892902816,0,1,0,119.80087551195204
-0.7182244480100015,1,0,0,119.59437613516954
-1.3707501687929096,1,0,0,119.57501918335672
-0.8318116838758568,0,0,0,118.2362029149954
0.7485551524931767,0,1,0,123.69499977172812
-1.5960650190577477,0,0,0,117.10528970702252
-0.6653083346578686,1,1,0,123.60182660735408
-0.3502280995744551,0,0,0,118.27460978248996
0.8405208270080644,0,0,0,119.89046578688178
0.21698777781781145,0,0,0,119.95336618862297
0.4649376997767545,0,0,0,119.45603811789393
0.11982975921550687,0,1,1,120.75584409716616
0.02455755061945255,0,0,0,120.39079584394769
-0.22830688745178038,0,0,0,119.9637662245704
-0.10658084970373945,0,1,1,122.93744160001688
-0.9273265044472944,0,0,1,119.57638792285746
-0.9596500389233181,0,0,0,116.85066907092362
-1.6643173186099773,0,1,0,118.77036968375258
-0.36999865036662705,0,0,0,119.5916521414615
-0.42531312584659975,0,0,0,118.22055749667084
0.5148552720408061,0,0,0,122.68208703267985
0.279821393500991,0,0,0,120.12286807436456
0.39924498784706514,0,0,0,120.70559193693715
0.02492084807638247,0,0,0,120.77194152420024
-1.0112847410361714,0,0,0,120.314026866967
-0.7923825819403373,0,0,0,118.23061689444752
-1.1023872889217812,1,0,0,119.51353953360814
0.5615098653014765,0,0,0,121.48861459712438
-1.7096697620218513,0,0,0,117.60538084048366
1.3891673857534048,0,0,0,121.49103511772957
-0.5756687095660316,0,0,0,119.30950932377316
-1.1119420642366926,0,0,0,119.03743778979374
-0.5017977295004381,0,0,0,119.39100515204083
0.8687746055115352,0,0,0,121.7864575476524
-0.2305589940096014,0,0,0,119.46306297621534
-0.5943467223433416,1,1,1,122.86022161102775
0.9815399664593598,1,0,0,121.87638386155471
2.076556977975171,0,0,1,126.00043305341704
-0.5203344803498342,0,0,1,121.61273357286706
0.04525403376203194,0,0,0,120.1880538071932
0.24651205065023873,0,0,0,120.20202236948472
-0.2226181368164997,0,0,0,120.4867908650619
-1.7752305780028037,0,0,0,117.44728826005178
0.550199569419232,1,0,1,123.38025140602056
-0.8540778129902405,0,0,0,118.277268142884
0.5766943093963063,0,0,1,123.03375906941706
0.5252441633727919,0,0,0,121.32824682572246
-0.8295957326427162,0,0,0,118.40133013472492
0.40526157223864717,0,0,0,121.10236715585351
1.404740349538332,0,0,0,122.23703849621027
-0.12171411714294186,0,1,0,123.11022386182442
-1.5251921307027376,1,0,1,120.19101296531684
0.48696997353133586,0,0,0,121.03595354847585
1.279605000029376,0,0,0,122.30984138564546
-0.8103299260004577,0,1,1,121.66091905419788
-0.23804895103992968,0,0,0,119.61995437789868
-0.15919031423067928,0,0,0,119.54785540489677
-1.1835834126340243,0,1,0,119.68947931088182
-1.7128668243289296,0,0,0,118.19385602439988
-0.04981307017008487,0,0,0,121.6220141160494
-0.27852200000469596,0,0,0,120.80674574281008
-0.3436673477824035,0,0,0,118.90963701911782
-1.1099451672077323,0,0,0,118.14127428315264
0.7987634709810271,0,0,0,120.53261345623945
-1.2414474287846673,0,0,0,118.19163227352256
-0.2297502105936859,0,0,0,120.30403450072532
1.4932083241628022,0,0,0,122.54325349029298
0.6436288353150172,0,0,0,120.76211842230582
1.936239250042749,0,0,1,122.54979905360466
-0.48287176716331076,0,0,0,119.3217942382124
0.42118580220286567,0,0,0,120.07716843232308
-0.13781857638174558,0,0,1,122.4332442010617
-0.6982623847508224,0,0,0,118.7696784948128
-0.37306908482513496,0,0,0,119.9072430959966
-1.586042454700075,0,0,0,118.5005354047031
0.8764428530705625,1,0,0,122.91431590395608
1.2541086700989397,0,0,0,121.44774680465756
-0.3290398741923725,0,0,0,120.0196994293432
0.9053540525509126,0,0,0,122.43365751454238
0.16409005414802863,0,0,0,118.8533577564685
-2.1243406044975512,0,0,0,116.05053566997393
-1.1426382019443682,0,0,0,116.70342379938997
-0.9512212006007573,0,0,0,117.3868109248679
1.0235434005335986,0,1,0,123.0939854563206
-1.2986688915107814,0,0,0,117.80736814516972
0.8209202836645059,0,0,1,122.7492636938442
0.14426802923401424,0,0,0,120.06179968553828
-0.45171277395046194,0,0,0,118.1001267665378
-0.48609533071936745,0,0,0,120.0979653515994
-0.1329949835877518,0,0,0,121.40300275693842
-2.2910838841504395,0,0,0,116.96606005406754
0.27366772861300986,0,0,0,118.55103879239866
0.005907004856648023,0,0,1,122.71186102798774
1.1458791778526252,0,1,0,123.97780216540112
-0.19409763356026777,1,1,0,125.4900162672034
-1.0068711230098206,0,0,0,118.06421867715544
1.576495850904245,0,0,0,122.71416849049328
-0.3085019772280393,0,0,0,118.92130112201264
-2.145047015010217,0,0,0,116.59920300722187
0.490723184526131,0,0,0,121.9148902265073
-0.8070014266380496,0,0,0,119.50004993460442
-0.2322619589001786,0,0,1,119.40311687142302
-0.8924830945731669,0,0,0,117.91489868706304
1.112197388674791,0,0,1,123.0990934547156
-1.439214449170805,0,0,0,116.86459235082413
-0.45891432241940405,0,0,0,117.37402223285603
-1.3967009392562908,0,0,0,116.29851926801504
0.5632403359854573,0,1,0,122.4107445858206
0.5464179727208618,1,1,0,125.7070868317077
-0.27924377564811254,0,0,0,120.59255186926598
-0.9707580874546892,1,1,1,125.27989562455754
0.3403244500793405,0,0,0,119.3222263154688
-0.012932627159975472,0,0,0,118.99646879416288
0.033364624527741596,0,0,0,119.90642109200972
0.0882959430557002,0,0,0,118.188055372929
-1.4318641069985225,0,0,0,119.03910443372496
-0.19758479099411955,1,0,1,121.44733186464798
1.0982935959222695,0,0,0,120.79421301795284
-0.5594817030060452,0,0,0,118.66252487389056
2.596935219227494,0,0,0,123.1101246621843
-1.2367937928770136,0,0,0,118.27717887610154
0.6886345297366068,0,0,0,121.63422707953556
-0.4357189401387184,0,0,0,118.75721414406677
-0.19481029865287852,0,0,0,119.42701164966368
-1.278070404537654,0,0,0,119.95972028777048
0.8049858695853879,1,1,0,126.1318612559322
1.0349768188682305,0,0,0,120.70669653716986
1.9906274635889154,0,1,1,126.93703417004838
0.8464584805662447,0,0,0,121.02624653677644
1.0679732659244034,0,1,0,121.4167020110107
-1.0890765095530963,0,0,0,119.05699998774736
-0.9823941697252918,1,0,0,119.12198172187664
-1.242411065736465,0,0,0,117.39505776132584
-0.014370143201918407,0,0,1,121.75359156987597
2.538306617129554,0,0,0,122.94633088665196
-1.1002524775949756,1,1,1,123.24664574957366
-1.7748612991140376,0,0,0,116.85583620531256
-0.23905119755954113,0,1,0,123.46344524959294
0.345061297165383,0,1,0,122.75255048064562
0.8200310148098788,0,1,0,122.43039329705566
0.421065162188298,1,0,0,123.56021142199286
-0.6121768646875156,0,0,0,119.24222820900162
-1.015327357363625,0,0,0,118.77359485739402
-1.3687239961517212,0,0,0,117.78370154529186
-0.18912474935986756,0,0,0,120.6626086912492
2.888279988615462,1,0,1,129.43473946443115
-0.4062212575735585,0,1,1,123.209167775979
-0.2352203168013515,0,0,0,119.13441955327625
0.47963186339034175,0,0,0,122.42860721422312
-0.3187489619696025,1,0,0,122.22340592062736
-0.40737445741580575,0,0,0,119.83347231482568
-1.4155628258841142,0,0,0,118.07628999925508
1.3662583613561998,0,0,0,122.76016816080237
0.7349416364317005,0,0,0,120.02542197973553
1.7951096108254867,0,0,0,121.75168495796127
0.38733532106197005,0,0,0,120.89090413619728
1.2751125749687569,0,0,0,121.80932780223384
0.46105539568146553,0,0,0,121.1850420127498
1.3904955472813174,1,0,1,125.57767421124372
-0.8987387422581135,1,0,0,120.88979940088184
-0.3112785688675897,0,0,0,119.84609837987206
0.13380803780076392,1,0,0,121.40677566082545
0.3379788865261327,0,1,0,122.591154195022
0.30983933618956644,0,1,0,122.29297193504424
1.254149988791649,0,0,1,124.70498792946223
-0.8191037467961376,1,0,0,120.83896605813902
0.18298889707594762,0,0,1,122.90592315410464
0.20344361966101518,0,0,0,121.77392212349986
-1.510313276408768,0,1,0,119.99056704165656
2.0179534273664275,0,0,0,123.01001371421934
1.745237274480069,0,0,0,121.67814840285472
-0.7608846490830105,0,0,0,119.14204957293386
0.759734976835713,1,0,0,123.17888058022196
-0.5427389838714444,0,0,0,119.5260230802386
0.00819483610287914,0,0,1,120.84949955647168
-2.974030882774536,0,0,0,116.07912844251771
-0.0760660756900388,0,0,0,119.0797191791686
0.8932655699598558,0,0,0,121.76745886246012
0.7510825977806996,0,0,1,121.89884563967438
-1.8091053604539928,0,0,0,117.5366734352355
0.97348451059235,0,0,0,120.45273268115945
1.0124224025817328,0,0,1,123.918137593004
1.206002416318845,1,0,0,123.59012863829948
-1.337346770962509,0,0,0,116.67884926111698
1.0989039399701916,0,0,1,121.2183418985032
0.14497705389775764,0,1,0,122.43736814373298
0.24322561030848944,1,0,1,120.0900261253839
-2.0662552609885902,0,0,0,115.73254864158818
0.12457797853405457,1,0,0,122.3960521577154
-0.3017829043767464,0,1,1,124.3710558818017
-0.14248056425738398,0,0,0,119.18008277601558
0.596731334087018,0,0,0,120.76906077341528
0.42469115087308507,0,0,0,119.41493638799253
-0.9668875978531672,0,0,0,119.3064782159468
0.06901498952561588,1,1,0,125.0654872908194
0.8376773757392609,0,0,0,121.98434210026235
0.13477251709734858,0,0,1,121.8968703468848
0.7888213517567567,0,0,1,123.03961866550898
-1.0610386136988688,0,1,1,121.56821760844193
0.11523247810180907,0,0,0,121.8155691748169
-0.604368311604612,0,0,0,119.69623231546856
0.006759141887188498,0,0,0,119.33764375379629
1.6640513109465025,1,0,1,124.24006999892111
-0.8188560002712255,0,0,0,119.33513835490808
0.0831720765967922,0,0,0,121.87705068503786
-1.0277229214679888,0,0,0,119.43870641024324
0.23324992313364637,0,0,1,122.71453310211
1.462327374776295,0,0,0,121.1808343059031
0.26251803638468846,1,0,0,121.3433754407379
1.2175922496877687,0,0,1,124.68558918240213
0.7234050402157242,0,0,0,122.49731723933392
-1.1804790315604383,0,1,0,119.34104705041912
0.3114400883227518,1,0,1,122.56247175236815
0.8430602508633079,0,0,0,119.2887291898076
0.23911716466436203,0,0,0,120.11829633166984
-1.3455324492140708,0,0,1,118.23542530194322
-0.6508790105325112,0,0,0,119.00231276002984
-0.4059220063745074,0,0,0,118.20301434697905
-0.9502268355113604,0,1,0,120.65712245109069
0.7981214748115028,1,0,0,120.6304419341858
-1.8548574959958715,0,0,0,117.61169873594211
-1.1519168797134953,0,0,0,117.86014294997156
-0.2811102314128806,1,0,0,121.38080845697372
-0.2393485895553476,0,1,1,123.47938375738288
1.0873328597108427,0,0,0,121.09045919551627
0.4861452356464282,0,0,1,120.69564783121145
0.11531726551303924,0,1,1,122.31312183682154
-0.12263148244274424,0,0,0,119.24590740349656
-0.7539205264477841,0,0,0,118.56312637052424
1.068548457180602,0,1,0,123.36929040044784
0.22918728903652788,0,0,0,120.57130259782215
-0.24613249994210581,1,0,0,120.65188591399398
-0.5866366795523984,0,0,1,120.07902047044053
0.26845637171477377,0,0,0,118.88131921047008
-0.2883417513300941,0,0,0,120.56128044491868
-2.161902119802833,0,0,0,117.88937446730569
-0.16110641504128895,0,0,0,118.96666047596972
-0.08328354980525307,0,0,0,119.50743281859202
0.9842681335618084,1,0,0,122.862724541977
0.5098044458733945,0,0,0,121.48622488607867
-1.046749702697196,0,0,0,117.98259566871438
0.8546065167552312,0,0,0,121.35241608118558
0.40150047011623063,0,1,1,125.0344291726726
1.0546570427595279,0,0,0,121.3432859598918
-0.6462091179622746,0,1,0,122.9450211078865
0.3889746643274806,0,0,0,121.10837158545232
-0.02600345191920967,0,0,0,120.24499626187412
0.7848510107642884,0,0,0,122.75185592893382
-0.6455243588473453,0,0,0,117.6725452045536
0.7809135603812187,0,1,0,123.33806432568284
-0.9573719865645486,0,0,0,119.09172458539064
1.6910947647862318,0,0,1,125.7337179996798
-0.5879689164793457,0,0,1,121.2418792900176
0.67599420337679506,1,0,0,121.26553346373431
1.242413274501219,0,0,0,122.16045016046344
1.6440248257094916,0,0,0,121.89288039070314
0.19569453982036084,0,0,1,121.93235315949688
-1.7063204757406458,0,0,0,116.64367102091298
-0.9186463301971023,0,0,0,119.7121055875438
-0.8564436153216299,0,0,0,118.28959051041628
0.9777043003587316,0,0,0,121.87209149767602
0.38835834251086815,0,0,1,120.72934940104406
-1.1782419739781056,0,0,1,119.39452914756498
-1.3153832170702295,1,0,0,119.62633914595337
2.365673482025281,1,0,1,127.671680212638
-0.062123447246084706,0,0,0,120.7398597845951
-0.28837979367077393,0,0,0,120.33346652609195
-0.09603150557020447,0,0,0,121.55612637902894
0.12936443397055644,0,0,1,123.0166350529814
-0.5063236671782835,1,0,0,120.55531680854476
0.46927853298580213,0,0,0,122.08556012894564
0.9559405876479766,1,0,1,125.01361843271695
0.8504493392654402,0,0,0,120.93672172881196
-0.01910083303911036,0,0,0,120.34856048707776
1.1963839163707486,1,0,0,123.38145324772458
-0.7996677087181845,0,0,0,119.86440029445826
0.2542007387308537,1,0,0,121.04188109264264
0.6695920384025016,0,0,1,122.90556511982425
-0.034909862128401865,0,0,0,119.54392683901764
-0.18480835640939636,0,0,0,120.78990437661756
-0.3823377734330659,1,1,1,122.8490363665358
-1.558641233212929,0,0,1,117.73023684749091
-0.3745914323590799,0,0,0,120.17471425869634
0.5744312986704405,1,0,0,123.20395008322414
-0.9547393532904774,0,0,0,119.24609841484336
-0.0711464024127356,0,0,0,118.19398833840026
-0.3462396626376417,0,0,0,119.81352579541732
-0.9270381604602085,0,0,0,118.78668060140936
1.9448914281338157,0,1,0,125.31412840532944
-1.163012427275277,0,0,1,120.03197977037358
1.10136036083421,0,0,0,121.08559629061376
-0.963861743738139,0,0,0,117.7964179770425
-1.471359566736452,0,0,0,118.02355847480288
0.46436891639720246,1,0,1,124.24275696487248
-0.4143105523867797,0,0,0,119.34113635063405
0.5170971336358438,0,0,0,120.6234642598478
0.07800317293570516,0,1,0,123.48299589586028
-0.09109146847273726,1,0,0,119.89628615849549
-0.44452412206741726,0,1,0,122.0463484103214
-0.6967836279345071,0,0,0,118.4678609191934
-1.2191958581519151,0,0,1,118.86161529938566
0.5001635184815963,0,0,0,120.50169295617752
-1.612178409144046,0,0,0,118.3634103944113
-0.1502922283676919,0,1,1,123.40529614117708
0.6412803533988586,0,0,0,120.51084425123322
-1.1955286193606545,0,0,0,117.51208692401852
-0.32967036614825457,0,0,1,119.87300176832964
-0.0479705853673121,0,0,0,117.05021901391672
0.7241907131117151,0,0,0,121.488103751056
-0.25916485124536276,1,0,0,120.92827343171008
1.2188023134890318,0,0,0,122.3768739009599
-0.14399325724756507,0,0,0,120.10772915789984
-1.6944521709371967,0,0,0,118.61086450878079
0.43589566126309587,0,0,0,121.93068681455524
-1.7486340343896694,0,0,0,118.80470850869946
1.0779220283532671,0,0,0,119.69937503356104
-0.8174400524709148,0,0,0,121.014656312246
-0.8658911129349603,0,0,0,119.72184415936096
0.9950351316241346,0,0,0,121.1056383016591
0.8062860421601067,1,0,0,121.16346386417725
0.9673938267889803,0,1,1,125.61429921183912
-0.4539366362268971,0,0,0,118.7754846219
-0.43003438304388936,1,0,1,124.0809371111731
-0.06634577965596024,0,0,1,123.00807615650076
0.32099635206895666,1,0,1,123.84743643695838
0.1900857247359766,0,0,0,120.34778377223108
0.6409990975267358,0,0,0,121.82822249573012
-0.10992405174527926,0,0,0,120.18670701769835
-0.13390063185587509,0,0,0,120.1536386859218
0.27138228446170726,0,1,0,123.61136571890812
0.3747954025958847,0,0,0,119.49410276394434
-1.5535442058293791,0,0,0,116.77501629858678
0.9124476899502592,0,0,0,119.70400449655035
-1.4960220558345254,0,0,0,117.62559703951096
-0.5309721354722338,0,0,0,118.78992336361136
0.1294217479374411,0,0,0,120.2216574204722
0.5629743275224537,0,0,0,120.39788729687804
0.8163560187878736,0,1,1,123.62527132019784
-0.028930673089153692,0,0,0,120.71200780008748
1.1166319180085318,0,0,0,121.98359067260677
1.9281924561879509,0,0,1,122.0048473716194
-0.3360207344975016,0,0,0,120.30554922570832
-1.1394045677945266,0,0,0,119.11923181001865
0.4067797417004744,0,0,0,121.88576216023536
0.32855023303716996,0,0,0,119.19574586499716
-0.3483239183922465,0,0,0,121.3942166283952
0.853255439724589,1,1,0,124.8866895658306
0.5964771368890786,0,1,1,126.58493073934032
1.2834754325576887,0,0,1,122.4416525779705
0.6376952521983799,0,0,0,121.12806816936752
0.15373007984195175,0,0,0,118.6709185340985
1.3961650755235742,1,0,1,124.874406876514
0.6235016356867324,0,0,0,120.22673606581029
0.03516502187071165,0,0,0,120.35277063946094
0.6039446855941197,0,0,0,122.68467660846488
1.2892359677395178,1,0,1,124.9801951723309
0.5273786284858496,0,0,0,120.79330596557011
1.8280740589724196,1,0,0,123.62936640803774
1.2037492000281826,0,1,0,123.5587106566072
1.0952740882247112,0,0,0,124.00476548312987
-0.2930070752911235,0,0,1,120.83660098950511
-1.7015002541602902,0,0,0,119.45998684360532
-1.5714925838312603,0,0,0,117.63169985715928
-0.5319486192422525,0,0,0,118.32562317368856
-0.03309348223413363,1,0,0,121.7049263309888
1.0510768684747447,0,0,0,122.44723329295245
1.7327842825834072,0,0,0,122.48101440111088
-1.0759007499561974,1,0,0,121.5338011625764
2.223409280206456,0,0,0,123.62028193403724
-0.15535184533192226,0,0,0,120.0297761233173
-0.538077701127841,0,0,0,118.2924333134458
0.9465416317743537,0,0,0,122.31193280181498
-0.3399946416774279,0,0,0,119.08612520115992
0.6340300572236639,0,0,1,122.373712971026
-0.7251831626555714,0,1,0,122.04862839734918
-0.2947715529431466,0,0,0,120.7271521609768
0.2100403897564428,0,0,0,122.1408208046218
-1.2159391385673035,0,0,0,118.815027375913
-0.445524979760757,0,0,0,119.87991219470152
-1.7936105358801286,0,0,0,117.545882344143
1.074833907127482,1,0,0,125.1006370512738
0.5054777508361142,1,0,0,124.00591507132756
0.15560864457147514,0,0,0,119.43095496474967
-0.6300570635473487,0,0,0,118.45497123314242
-0.23183360655634508,0,0,0,120.13330390526671
0.8059933523591296,0,0,0,122.13671112919668
-1.026930878415729,0,0,0,118.32383587345392
-0.8769002164427478,0,0,1,121.55199981839677
-0.25105066209377436,0,0,0,120.81579849621328
0.41483794339230723,0,0,1,121.8512022544427
-0.5159338647283667,0,0,0,121.71214366363354
-0.8941192211392477,1,1,0,122.76278992098176
-0.573670733095525,0,0,0,118.86952323810291
0.3966685670089673,0,1,1,123.65911303137638
-0.025976094023859034,0,0,0,119.33933138418652
0.11641456307665882,0,0,0,120.32249591708656
-1.186669578673348,0,0,0,118.49008713537889
-0.47276619794071184,0,0,0,120.85842222404985
-0.4848227506107255,0,0,0,118.56254048056869
1.2384637014350006,0,0,0,121.87254442981694
-0.8084606914930096,0,0,0,119.01412513567648
1.262128146524162,0,0,0,120.82035395720736
-1.2774255739543112,0,0,0,118.92513078911183
1.387012330124551,0,0,1,124.72368472596092
-1.2757303085642913,0,0,0,118.31936012536268
0.7612307230615181,0,1,0,125.01112560004576
-0.6052254120363858,0,0,0,119.2206588288099
1.0687309411704948,0,1,0,123.50746872199618
0.4086507879979444,0,1,1,125.9171345768775
-1.6820454361149195,0,0,0,117.41066697462132
-1.0935769419620935,1,0,0,118.58255301033137
-0.4738330207153298,0,0,0,118.7536517565187
0.41236435919536046,0,0,0,120.98632985887026
0.4227670561945761,1,0,1,125.62814094417324
0.18475022215766812,0,0,0,120.19978976512506
0.2957923249572877,0,0,0,120.29869368734133
0.780466516981227,0,0,0,120.02088675061069
0.43285814656672505,0,0,0,120.66958458824466
-2.077447890345558,0,0,0,115.72513316482166
-0.575173532800113,0,0,0,118.01818108413433
-0.35975894561714056,0,0,0,118.91519683283778
1.0501978325576131,0,0,0,121.63015998840103
1.6406402923178618,1,0,1,124.58090942267046
-1.3084375783965316,0,0,0,117.25031190875536
-1.5388822743963162,0,0,0,117.36689466390716
-0.15475228104027292,0,0,0,119.88873385414472
-1.9098974340142856,0,0,0,117.24455279125011
-0.9392381033616469,0,0,0,117.86370115661715
-2.0416237339022296,0,0,1,117.32763291487764
0.1965344958901041,0,0,0,121.81358266228072
1.0616235609566238,0,0,0,121.50752187851678
0.2960802355303747,1,0,1,123.6107665954128
-0.13764441758428825,0,0,1,121.30669949420776
1.5953805289288028,0,0,0,120.220638473992
0.34688600091837063,0,0,0,119.77630266073496
-0.5725902248172487,0,0,0,118.61714388669247
0.3086581198564729,0,0,0,120.95095187421208
-0.28840496262708193,0,0,0,119.05757656818147
0.40023349403366076,0,0,0,122.13094086008442
1.9854044699180644,1,0,1,125.32951507762466
1.2111880648924225,0,0,0,122.24231896899052
-1.2185866009523405,0,0,0,118.52420383995762
-0.9510026650490007,0,0,0,118.17239307686523
-0.3800272638825534,0,0,0,118.53669755310248
0.4023681571910318,0,0,0,119.84141931892212
-0.3508004017690692,0,0,0,119.63843547110302
-0.8162531451432726,0,0,0,119.23181127986082
1.33896210389672,0,0,0,122.39589178497972
-1.0664619043948165,0,0,0,117.12416401453672
1.1209143396929537,0,0,0,120.9062599436674
1.70992905135179,0,1,0,123.66752435165792
1.4641698670809267,0,0,0,120.92839101424023
-0.40039313059853093,0,0,0,119.49408164790783
0.4434715541741224,0,0,0,119.91937224842611
0.40295483192005765,0,0,0,121.49822438737526
2.2824908767992134,0,0,0,122.8645584511801
-1.151071387335576,0,1,0,122.30340816467852
-0.5076624692345766,0,1,0,120.68357200990532
0.5664347281752359,0,0,1,121.63884258430453
-0.884409089193965,0,0,0,118.44877993046936
-1.0759452326960843,0,0,0,118.24775641956712
0.9807097399997254,0,0,0,121.61873882381826
-0.32442877609695436,0,0,0,120.50649748582512
0.9382046961560979,0,0,0,121.58896229789632
-0.1333048219140713,1,0,0,119.34982587851704
-0.1820201742700441,0,0,0,118.97718878496538
1.2314343244821018,1,1,1,129.25887951004782
1.9643421453405563,0,0,0,123.86151419533093
-1.4686006213601688,1,0,0,118.17488481633583
1.4559749084330669,0,0,0,122.17285060440634
-0.1027565742066512,0,0,0,121.5365370608487
1.7607354038738905,1,1,1,128.2499891349663
-1.1135793069788638,0,1,0,120.61858306372146
-0.5951246626560247,0,0,0,116.86551764022732
-1.4667850683780657,0,0,0,116.6556460577202
-1.7590513722381043,0,0,0,117.92660144388812
-0.7087390800816031,0,0,0,119.49489371223332
0.6274630991329797,0,0,0,122.24248907022756
0.5546245393899932,0,0,0,121.65912580821528
-0.37209992003163883,0,0,1,121.69027477129008
-1.27728503254193,0,1,0,121.80921684479068
1.0805733225990104,0,1,0,124.66831246798564
-0.47546485957396706,0,0,0,118.31202359286904
-2.074499845988991,0,1,0,120.04454144195304
0.30602258945558036,0,0,0,122.39567086098153
-1.0468033077624175,0,1,0,120.10945172740205
0.902580286658163,0,0,0,121.46239104701984
-0.1884941613028603,0,0,0,119.22113111549032
0.1070620029062226,0,1,0,121.1222142521202
-0.22505376614011066,0,0,0,120.37037322259714
-1.642194430844964,0,0,0,117.69796021588849
0.27556139492989384,0,0,1,121.54895613474773
-0.7504650191309993,0,1,0,121.33362230309744
-1.787511423089046,0,0,0,118.69746262179926
-1.2233656099328263,0,0,0,118.06087072405572
0.5272561970000315,0,0,0,120.8086947723893
0.3349359350735289,0,0,0,121.61487370043707
-0.14880349215379557,1,0,0,122.4735150975032
-0.53397352406857,0,0,0,120.89533715132217
-0.9568287728337385,0,0,1,120.00137680039026
0.009045213695814635,1,0,0,121.77733846786518
-0.8459803905138382,0,0,0,118.52904238243742
-0.0452791265812258,0,1,0,121.91523751108498
0.23549972895503904,0,0,1,121.72385428573608
1.0817617104540542,0,0,0,121.20036265142868
-0.6528913436549394,0,0,0,120.26650527019024
0.31537745955899976,0,0,0,121.4713857836951
-1.5727789721557572,0,0,0,117.57687601972825
-0.028083821017721073,0,1,1,125.35462162670456
0.3731564220210402,0,0,1,122.71357698658812
-1.2870673310108296,0,0,1,119.77604712583518
-3.233264319104146,0,0,0,114.49551399269508
0.25380292122498693,0,0,0,121.89297139578676
-1.3774419282288577,0,0,0,118.1901212750724
-0.4644154567003464,0,0,0,119.64299996791723
0.9464163542255324,0,1,1,125.88541875206312
-0.6265892464029422,0,0,0,118.51218815974728
-0.21217777350617434,0,0,0,120.27359775237473
-1.0138077649588233,0,0,0,118.97677334924524
-1.008800549881552,0,0,0,118.4172458329441
1.551294338923027,0,0,0,122.45230529499256
0.8785698684184251,0,1,0,124.6753127863916
-0.6429783883349401,1,1,1,122.88038080157492
-2.01936372675801,0,1,0,121.05934746343884
0.2616795426443695,0,0,0,119.69985863571983
1.5711100862445562,0,0,0,120.0523533235812
1.4401755049818488,0,1,0,124.64776090766163
-0.49191108888962753,0,0,0,119.7454761816481
-0.7205252095605392,0,1,0,120.40226017403148
-0.8168894153673961,0,0,0,117.01307873740754
-0.31926540313424395,0,0,0,118.87240893126302
0.11645279130103932,0,0,0,121.76470327382478
0.1033211922324879,0,0,0,119.6312631545578
-0.0041255939939628065,0,0,0,117.07411974332209
0.7643659581822742,1,0,0,122.59369939132752
0.5671826513455899,0,0,0,121.72921187496574
1.2507924893317663,0,0,0,122.6874959032112
-1.2807036926531183,0,0,0,117.83499658299957
-1.7771591842215122,0,0,0,116.81370408239856
-0.15554239407311074,0,0,0,120.16726360798474
-0.49002893602633646,0,0,0,120.09805500284604
0.7386851062554919,0,0,1,123.47162582366994
-0.834704941843493,0,0,0,116.20035719597676
0.44596144030443025,1,0,0,123.66782087473078
-0.959244853008309,0,0,0,116.489964744894
-0.4001084577319711,0,0,0,120.43326401808255
-0.19128371888410126,0,0,0,118.9377802397326
-0.12384931397189523,0,0,0,118.92309624626571
-1.3849892929675507,0,0,0,116.57299234397044
-0.5840738263979691,1,0,0,121.84556781777545
0.8408109925420807,0,1,0,123.19446340724872
-0.4266301375304948,0,0,0,118.9899062894582
-1.27774347445441,0,0,0,116.0031626493033
0.479804332878293,1,0,0,122.45377205569044
-1.0408003554971481,1,0,0,119.44411813132083
-0.7872175279255973,0,0,0,117.89703426633864
0.7729698065357316,0,0,0,122.17155173498377
0.7006889977027435,1,0,0,123.36902640488276
0.5523094135602452,0,1,1,123.4558403185547
-1.7914753356048079,0,0,0,115.63111402328164
1.6230116945303639,1,1,1,128.56019318745456
0.3841153564219671,0,1,1,125.0511113047733
-0.9470831560097965,0,0,0,117.9777274312317
0.6051819722571143,0,0,0,121.63855194075762
-0.3230277956227746,0,0,0,120.65834890071538
0.7462469938775543,0,0,0,120.62228874702888
0.20551732493377445,0,0,1,122.06555796871817
0.01399221286868635,0,1,1,124.40181994363743
-0.07896170073692631,1,0,0,121.52100718704024
-1.9514198414595987,1,0,0,117.03622095321909
-2.080536341536046,0,0,0,117.2503313251967
-2.5286133080702458,0,0,0,116.0464722670106
0.09716354111013997,0,0,0,121.85264653407876
0.16075144601177288,0,0,0,121.47203871431276
-1.1787413621399585,0,1,0,120.58734309331402
-0.6740424715575054,0,0,0,118.84282692740774
-0.9525598749039621,0,0,1,119.37423210604445
0.43010338944101856,1,1,0,123.64961837643231
0.5572403013093444,0,0,0,121.63901286046249
-0.7886545589253138,0,0,0,118.24042681469996
0.9420296448577703,0,0,0,122.83539433799535
-1.9142409948132193,0,0,0,118.61337769189488
0.970748180933971,1,0,0,123.44657096840125
1.1107959093413313,1,1,1,126.71679262950327
0.31969530301640114,0,0,0,118.93141132716796
-0.06813978628202758,0,1,1,123.54907355732132
-0.8612498417374261,0,0,0,120.02374656168428
1.0626157388409174,0,0,0,120.18570913564582
0.6787456018799363,1,0,1,123.98182818004906
-1.1438940312957555,0,0,0,118.92464899541852
-0.07497760073029053,0,0,0,119.70209159046388
-0.3840571458594994,1,0,1,119.26708261205415
-0.966169500009086,0,0,1,119.07122191467234
-1.8845241428804083,0,0,0,118.81155026994168
1.1580462821781146,0,0,1,122.90829687467117
-0.6420861462919039,0,0,0,118.8534584346145
-0.041710420209047125,0,0,0,118.3307962326107
-0.31747409721179465,0,0,0,118.3193430308865
0.4114674565442952,1,0,1,123.84658095586953
-1.2543764125975618,0,1,0,119.23727611486854
0.5846262016860678,0,0,0,122.47866651393788
-0.4840266411681523,0,0,0,118.26310437303836
-2.773893711434087,0,0,0,116.15587145741856
0.3292332251408102,0,0,0,118.45966410764416
1.3467252343348353,0,1,0,124.1472811390127
0.3780362983580906,0,0,0,121.96807153838054
-0.3471601156989204,1,0,0,121.59771950321988
1.1267449797033566,0,0,0,121.95495171148924
-0.5645095391245984,0,0,0,118.4703156786206
-0.30502504548318454,0,0,0,118.22129978344954
-0.9248112774448791,0,0,0,118.71537917211056
0.3251165001300656,1,0,0,123.04133589058488
-1.2119593600925216,0,1,0,122.23677858982126
0.5326419633517369,0,0,0,121.16739614913412
1.8741019717922882,0,0,0,121.78644388125508
-0.23381787809220494,0,0,0,119.28251699964817
-0.1719682656992351,0,0,0,119.20965615556467
1.63798096524684,0,0,0,122.22401372114518
-1.4079157651748455,0,0,0,117.616637554289
-0.4000484042925597,0,0,0,120.51093909103297
0.6179033472252464,0,0,1,123.13786481490308
-0.7624989359580069,0,0,0,119.64117305216458
-0.3125813361856667,0,0,0,119.35550067366177
-0.05941948878026616,1,0,1,123.43014294094188
-0.024528349387065027,0,0,0,121.49072630134042
0.6072806244453233,0,0,0,120.84020620021008
0.45898040049116745,0,0,0,120.12913351570565
0.2117034370891563,0,0,0,120.47847474550078
0.11362811268285111,0,0,1,123.29049772894729
2.773841262840493,1,1,1,128.60282957206425
-0.3239241703229566,0,0,1,120.89522681422936
0.047962452017766624,0,0,0,120.17419613180324
0.11711973861951967,0,0,0,122.42521992245116
0.15950210409914203,0,0,0,120.17017091307788
0.5018578462762283,0,0,1,121.63230099484774
0.22012452566434437,0,0,0,120.48560270423556
0.42662930634917373,0,0,0,118.51289918225584
-0.2534253918669933,0,0,1,121.56721797508114
0.772171481882273,0,0,0,122.33639845925252
-0.2253859653705679,0,1,0,120.00471138441368
0.8104891744419825,0,1,0,122.0907612501394
1.3476476384984173,0,0,0,120.36827547957286
0.7984776869599725,0,0,0,121.59119754634992
-0.23804992295216726,0,0,0,120.81934103170576
-0.33039636046327875,0,0,0,119.47468771512918
1.5560664473128856,0,0,1,124.66519436213048
-0.0029614726787890347,0,0,0,117.83496154617018
-0.6253711387135868,0,0,0,119.83614202141766
-2.814451965240594,0,0,0,115.6316126199793
0.6433832717017306,0,0,0,121.51794743905448
-1.1031975673774355,0,0,0,118.32544381055848
-1.3647996157709692,0,0,0,118.37907401602348
-0.2554227422795706,0,0,0,118.42712841673534
0.5710325941016955,0,0,0,120.93482443805648
-0.7159339747312647,0,0,0,117.22528183710348
0.8091660689860775,0,0,0,120.3339482691146
-0.8620427290892024,0,0,0,119.55090355720525
-0.7761377420168925,0,0,0,118.93598034064264
0.40189369839716227,1,0,0,121.87975274671342
0.034269067285537254,1,0,0,121.8134834108864
-0.18127480742957872,0,0,0,119.5431229304749
-0.17467696143335834,0,0,1,121.12910495928854
-0.013939326718799673,1,0,0,120.5585116877548
2.679417999813613,0,0,0,124.74404274121798
-1.6963283215020044,1,0,0,117.55214154352151
-1.2248593145653373,1,0,0,120.48503187941488
1.154763913708495,0,1,0,123.88183837740306
0.3119181074817858,0,0,0,120.97690357090477
-0.7754507870028984,0,0,0,119.22900383194884
0.9443621128272917,0,0,0,120.87228999141576
-1.5773785125914435,0,0,0,119.05125403489062
0.7989749145794408,1,0,0,123.10737894612704
0.14211921545862435,0,0,0,119.9705017948038
0.19709196379307334,0,0,0,119.48531890656304
-0.40669737256767646,0,0,0,119.4483436362547
-0.9164013911870625,1,0,0,119.78074103284932
-1.0664299549803384,0,0,0,120.41947901249758
-0.5017990934328187,0,0,0,120.98916764986852
1.7925128901896192,0,0,0,120.98978125338138
3.285365408726323,0,0,0,125.20010309361916
-0.02139617168423663,0,0,0,119.07413650721008
0.15717242919239646,0,0,1,122.90726418073116
0.5418988166822712,0,0,0,120.16213960154704
-1.2996063548583046,0,0,1,119.90928488984788
0.7832164966871038,0,0,0,119.34908683244886
-0.35992080221481265,0,0,0,119.878462568947
0.3558068377071125,0,0,1,122.10688793104976
-0.6668600320182001,0,0,0,119.8214145649526
0.6534738211401842,0,0,1,123.1812030975227
0.048567146258961094,0,0,0,120.08450667989206
-0.5255374613971815,0,0,0,120.52737765497834
-0.14616830526726785,0,0,0,120.5185210241079
2.166633873764828,1,0,1,125.649903220506
-0.4328372054754041,0,0,0,118.68299697931435
0.1802529524339391,0,0,0,118.89928945032511
-0.7496421164042635,0,0,0,119.04228166157588
0.18704615331197957,0,0,0,119.13440538996512
-1.214377150947781,0,1,0,122.0275240660661
-1.5452954873980065,0,0,0,115.10815573639324
0.6852939981771025,1,0,0,121.72655537128394
-2.4131527693861945,0,0,0,116.2613601188376
-0.37008929609950897,0,0,0,118.57522013158214
-2.0558214344152366,1,0,0,117.12632576068408
0.46240361684492187,0,0,0,120.95367502493578
0.6717131178781566,1,0,1,122.98541032878954
0.427095518804652,0,0,0,121.64437799091372
0.41382274655501666,0,0,1,121.61348081118828
0.3714208977725576,0,0,0,121.33877139742152
-0.7591915145190108,0,0,0,118.33110049157816
-2.1104610568522433,0,0,0,116.63617329151188
0.37041471920628305,0,0,0,120.82225536434416
-0.055864056017977455,0,0,0,121.45904423322408
-0.5063708606881495,0,0,1,121.49392440373111
0.9188633819280575,0,0,0,121.85148684130824
0.20857147952822827,0,0,0,120.52644456580576
0.2452989686953283,0,0,0,121.15489846668312
0.23524372459673853,0,0,0,120.07322768461636
-1.116527770401018,0,0,0,117.5819110928256
0.762249022982819,1,0,1,123.30820535817908
1.1443327671335284,0,0,0,121.28456129413836
0.4577376021129957,0,0,0,118.45726908211915
2.002110770398333,0,0,0,123.62106349352244
-0.5510309447601829,0,0,0,120.59789890322422
-1.7805918418707922,0,0,0,117.69868293371272
0.2460173548186647,0,0,0,119.19595660921136
0.6233566184928349,1,0,1,124.3172946194602
0.22851785720002604,0,0,0,119.58374253521384
1.5597310258948158,0,0,0,121.95178978697122
-0.6405471261446074,0,0,0,119.33146837723818
0.6352139262439621,1,0,1,124.12518656431664
-1.397932981164169,0,1,1,121.66273791164016
-0.6113612446855919,0,0,0,118.78351884147509
0.8520259925478905,0,0,0,122.18371461952172
-0.25482011249589603,0,0,0,119.7098954238895
0.8679508378947873,0,0,0,121.6871068038377
-0.9921616911227419,0,0,0,116.58207442891604
-0.5756945042521311,1,0,0,119.71148698095271
0.17135395650935917,0,0,0,120.35783942837917
0.29518937072793916,0,0,1,122.97166260037606
-1.0154581564955356,0,0,0,119.0564888096318
0.20497620523433935,0,0,0,118.59522960621604
-0.4185615686436736,0,1,0,122.42590767042086
0.8332881057486755,0,0,0,121.83609296092088
-0.34802999017268643,1,0,0,121.28103333630736
-1.0664805679592422,0,0,0,121.064231497457
-0.2300580168455264,0,1,1,124.9341704307867
-0.8391937486267727,0,0,0,117.33344233448835
-0.33735635895492216,0,0,0,120.0345896397989
-0.9753662406124902,0,0,0,118.92850602162288
-1.200869930522167,0,0,0,119.21828242418164
0.3836878855167697,0,0,0,120.93691483036976
0.16589822049957156,0,1,0,123.35222462825875
0.736246396345406,0,0,0,121.2700878550704
0.1017716880397295,0,0,0,120.4476122897284
-0.28569644259052096,0,0,0,119.84895354287066
0.5638878343766581,1,1,1,125.80371032985433
1.2361659971986525,0,0,0,122.30211961283898
-0.14373792925999862,0,1,0,121.13123531279238
0.2968845638107969,0,0,0,122.38974472937426
0.5746796986326013,0,0,0,119.63092107839864
2.179989537342556,0,0,0,123.04977102965373
-0.09011243768288188,0,0,0,119.8654889092273
2.341218813107734,0,0,0,124.10258563672195
-2.856699518673293,0,0,0,115.3795465301254
0.8645614543872846,1,0,0,123.35121740382972
-1.8746087738290267,0,0,0,117.7139621966895
-0.6197290219861844,0,0,0,119.2800115715031
-0.7672334803290475,0,0,0,118.55431496688036
0.0867918915366195,0,1,0,123.0283972619881
0.22702897405637942,0,0,0,120.48053390787844
0.0021872388452818456,0,0,0,120.62002687571972
-1.4049283750838586,0,0,0,117.4818912198822
-1.0767550556742709,0,0,0,117.4996452568474
-0.023456342332820825,0,0,0,119.43592937334442
1.2625826560538589,0,0,0,122.22441171488896
-0.47535218215849456,0,0,0,119.56445822370743
1.2886947455719302,0,0,0,121.9384311657234
1.0674085571578562,0,0,0,120.1046203739898
-0.1887092375236514,0,0,0,120.53275056674224
0.9571281864515074,0,0,0,122.11120217870057
-1.0423894694811295,0,0,0,117.34621256857436
1.0187631412517932,0,0,1,124.8243577822454
0.8332828690510277,0,0,0,121.3203747064591
-0.3171807727935896,0,0,1,120.98062044820948
0.4615891650216767,0,1,0,124.11050827384956
-1.4317200078796946,0,0,0,120.07661633462226
-0.14939769514472412,0,0,0,119.52639989523487
-0.3984277177578478,0,1,0,120.87552924222292
-0.13277210315336707,0,1,0,122.05169448892204
-1.5893638204049956,0,0,0,117.85991109554824
0.8472296054913557,0,0,0,121.34467101665668
1.2410782596639292,0,0,0,123.04515381098211
1.7145380355003834,0,0,0,121.9660875609108
1.0180066846060236,0,0,0,121.66579843014694
0.6941158057781012,0,0,0,120.75940993329918
-1.5234562991334595,0,0,0,116.78740294964692
0.3935616106568604,0,0,1,122.21658365237072
1.3198510338313443,0,0,0,120.1680110018058
-1.884981764274858,0,0,0,119.2873531329713
0.5577471321637864,0,0,0,120.91887610518968
0.1594869012011768,0,0,0,120.27080904456372
-0.0034442299405061374,0,1,0,122.32141882806124
-0.1972842878074773,0,0,0,119.36343514451632
0.11993451987865425,1,0,1,121.95587085134002
-0.5130514426005811,0,0,0,121.29470743716048
-0.1270862412303528,0,0,0,118.32303519336614
-0.31257996149863587,0,0,0,117.38009997603427
-0.6627424943186819,0,0,0,118.74563411638158
-0.1733392940637004,0,0,0,117.51982730075028
0.02490761623372536,0,1,0,122.69177338818254
0.42747325469932446,1,0,0,122.1936543120592
0.09978701038375845,0,0,0,120.42313709856516
-0.8352444296255842,0,0,0,118.58066715460772
-0.5895185448439003,0,0,0,120.29502950572544
0.41508493300879196,0,0,0,122.51988199226024
0.011491673872504818,0,0,0,118.5086783067783
-1.0086744858638839,1,0,0,120.49853489347409
-2.233698311233237,0,0,0,116.87896608931074
1.666352230787705,0,0,0,120.34228953036126
-0.10760258230680021,0,0,1,120.51969592236205
-0.7798696493118763,0,0,0,117.35981659892929
-0.9371825441301507,0,0,0,118.2165620790642
1.278403079732431,0,0,0,121.02205447497953
0.007482942901856729,0,0,0,121.68118973478644
1.0715137740784422,0,0,0,121.00961774467508
-1.7666425841079287,0,0,0,117.47323621164767
0.6894045887694246,0,0,0,121.56310694245722
-0.7411045981800223,1,0,0,120.43072705778056
1.4497503224367971,0,0,0,122.2940201272802
-0.05462472155582144,0,0,0,120.9005872773456
1.6996822084175727,1,1,1,128.05081246251245
1.8588410468940375,0,0,0,121.8227884128156
-0.7940625617355447,0,0,0,119.3793714800244
1.0467631693858128,0,0,0,121.65595342269911
1.7749256428183449,0,0,1,124.0090506086538
1.1784462464901133,1,0,0,122.69581945639536
-0.38223511296107515,0,0,0,119.48244343314788
1.8508302900474407,0,0,0,124.0535035087415
-1.2959461988946748,0,0,0,117.22451064149958
0.3656176525806161,0,0,1,122.49250780461276
0.2567875890986366,0,0,0,120.82561768281111
1.055933268022111,0,0,0,122.02504910946246
2.041974421931855,0,0,0,122.70401770336716
-0.11165492712715337,0,0,0,120.60522205028322
-0.44044980879557644,0,0,0,119.36594513630124
-0.6096331402505424,1,0,1,121.07568557672704
-0.1693067936926723,1,0,0,120.4384971319924
-0.48377210671896714,0,0,0,118.83385591071854
-0.6983516668401698,0,0,0,117.18503389101107
-0.025279530384682003,0,0,0,120.2474221855236
-0.3656329026823838,0,0,0,120.22808714545552
0.9459903182494371,0,0,0,122.3055455327008
-2.6771121309872905,0,0,0,115.9645923709395
0.682019106004087,0,0,0,120.8651670701756
-0.09258631064499105,0,0,0,120.33665921553076
-0.6871456185063822,0,1,0,121.62951691784768
-0.02512093110866345,0,0,0,119.4890965003774
-0.137878080846528,1,1,1,124.94712096399634
-0.1051419195808177,0,0,0,121.38320928950884
-0.13343522839898644,0,0,1,121.33988874306408
1.7464040881139502,0,0,0,121.74594555142474
-0.430057614566836,0,0,0,118.02229821213275
-0.39013199383600144,0,0,0,119.292844116908
-1.556315088756546,0,0,0,117.37571699614396
0.4309669406722195,0,0,1,122.45567892548006
2.0680771713567254,0,0,0,122.8346118638987
-0.7971087412698354,0,0,0,118.06629502841994
1.8032621146751822,0,0,1,126.91246947345002
0.2858699253439583,1,0,0,122.1966235181619
0.6230175103678234,0,0,0,119.8177131756172
1.0305097488942823,0,0,0,122.67449004200613
0.766538464032541,0,0,1,124.83639174988296
-0.04218525450548163,1,0,0,122.2574864821716
1.1095184034197476,0,1,0,122.72820385680478
-0.8764863232374626,0,0,0,118.94768792120622
0.44039894593653256,0,0,0,120.83448897892072
-0.031079371776701295,1,1,1,125.217473380276
-0.12304318197125166,0,0,0,119.9327642988248
1.6512898709474924,0,0,0,123.2527708918103
1.0030576408387988,0,0,1,122.31916265903445
-0.11897862448446316,0,1,0,122.10006783177292
1.0068067248184018,0,0,0,121.27959755380846
-0.06952775862083653,0,0,1,121.72876891844832
0.6898838435594437,0,0,0,122.06357864089767
-1.4037298912581255,0,0,1,118.23841335183576
0.7710574285567409,0,0,0,118.32320993521644
-0.4429215447315095,0,0,0,119.1304866859583
0.0810353658215812,0,0,0,119.96128660408122
-0.47711628484621876,0,0,0,117.72129361039768
1.1883146370905455,0,0,0,122.06232951119767
-0.23950832568050834,0,0,0,118.92315307930068
0.393343018351175,0,0,0,118.1907066288002
1.5215381091883302,0,0,0,120.97451151236136
0.30029783627161405,0,0,0,118.58435870709152
-0.19485938294150146,0,0,0,119.53632396507275
1.850651062756392,0,0,0,121.8648160792579
-0.1535233060642311,0,0,0,120.88235151897766
-0.5125170681687782,0,0,1,121.40639180040876
-1.1345665072078537,0,0,0,115.85560163826676
-1.1038885297768974,0,0,0,118.95220644142832
1.7920740015223935,0,0,0,124.21273354567025
1.0237250253245462,0,0,0,121.97022960345863
-1.1397508920094201,0,0,0,120.35375268323114
-1.0745483123553445,0,0,0,118.789059382539
-1.4447607741044046,0,0,0,117.02940632744624
-0.6901257906522749,0,0,0,118.24873051097008
-0.48073710829058125,0,0,0,121.0037039030061
2.147577007681815,1,0,0,125.16303957313436
0.893611230381212,1,0,1,124.36551766276182
0.423475798665465,0,0,0,121.3408049084391
-1.457962552023368,1,0,0,119.3058186705844
-0.2835436605168227,0,1,0,121.55578679379263
-1.0051442256820577,0,0,0,117.81860701815984
0.5134169220780277,0,0,0,121.71081273624291
-1.0513812752852367,0,0,0,116.57490215618807
0.04742081628705447,0,0,0,120.23760710199896
0.5254269986273481,1,0,0,121.86605038253896
-0.7280732218741829,0,0,0,119.55238056326066
-0.7863382768692124,0,0,0,116.9067174331194
0.15611407807144312,0,0,0,120.0887146295239
-0.4509047025262829,0,0,0,119.33159684730414
1.196738791895067,0,1,0,124.13942626725306
-0.6257942346381782,0,0,0,120.280232146775
0.9537215864135047,0,0,0,120.95713403817864
1.2005606767786545,0,0,0,119.6883387928631
0.0647202589162036,0,0,0,121.4443452322798
1.1644335224680549,1,1,0,126.93850283007713
-0.009320722853715335,0,0,0,121.35144501620364
0.2182539746005487,0,1,0,123.2886178208926
0.3555643038920076,0,0,0,119.45749489886624
0.18681245554301318,0,0,0,118.73870621009824
-0.2587028017661084,0,0,1,122.67351812078876
-0.9293520833514324,0,0,0,119.7977873807238
0.1389764146785851,0,0,0,119.22665029392338
1.1606420025261455,0,1,0,125.2368117551903
-0.5446839202605552,0,0,0,118.91726651184072
0.6390964232465823,1,1,0,123.43267897235307
-0.20803490063806607,1,0,0,122.16281559686458
1.0094107932837262,0,0,0,121.22905498684004
-0.46225262666271383,0,1,0,122.16890146761304
-0.276879592788802,0,0,0,119.86701369054796
-0.9129275914079211,0,0,0,118.27047228339012
-2.2855460810584205,0,0,0,116.52068272195145
1.0323334094910956,0,0,0,122.24832776720308
0.045187156912512995,1,0,1,123.9725201398282
-0.09036377513990483,0,0,0,121.97475458902804
-1.5810632168978846,0,0,0,116.07795601734324
-0.06011603090691243,1,0,1,124.27378029163276
1.114997961649985,1,0,0,122.31748373337598
-0.04158891483127698,0,0,1,119.74652348505415
0.5049353394176088,0,0,0,120.4669005289783
-0.6459613833766948,0,0,0,119.37407462052128
2.255303285874682,0,0,0,123.52829243315024
-1.8265930347425656,0,0,0,119.49996342278892
0.08191814895162909,0,0,1,120.43678604646728
-0.9886656317615525,0,0,0,119.13885672973876
1.4667477157163678,0,0,0,120.65163062398696
0.7717733397325355,1,1,1,125.66182562008622
0.16336734247094017,0,0,1,120.48965059238462
-0.03732298735944876,0,1,0,121.41367350666616
0.4302770606685777,1,0,0,121.86741579137008
-0.7811034384715347,0,1,0,121.63643059626273
1.6119969150848625,1,0,0,123.73108934686483
-0.3356941688502035,0,0,0,118.94835862100018
0.8458356121665753,0,0,1,120.64558004634593
-0.5429562853567267,0,0,0,117.19755336124248
1.9979770439875177,1,0,0,124.07074427352865
-1.118504139015857,0,0,0,117.84490679794165
-0.4386541977228558,0,0,0,121.40633395175875
0.40729539265693,0,1,0,123.5681599480264
0.32820809271537854,0,0,0,121.6913655810894
0.30585527509907945,0,0,0,120.96037464834146
-0.8522192553666719,0,0,0,118.0553929557818
-1.1781139576228865,0,0,0,119.4226411582554
-0.4737251917853157,1,0,1,123.46347726104338
-1.4877911023603405,0,1,0,119.0961079448177
0.3622834881854957,0,0,0,121.0127754130695
-0.014971543295061751,0,0,0,118.40173431161789
0.14577244176705625,1,0,0,120.7790096396787
0.22150297267679012,1,0,1,122.86942268534536
-1.8813390982690743,0,0,0,117.25978690566065
-1.1237536466919371,0,0,0,118.43344462606396
-1.1406371659584982,0,0,0,117.61040434924573
-0.8921720298635094,1,0,0,122.31552712854368
-0.9597184039602892,0,1,1,123.4835273757436
0.7937989862265169,0,0,0,121.910066229784
1.78866085475962,0,0,1,123.3132361305396
0.3384784767095007,0,0,0,120.95116907143873
-0.37761093909649956,0,0,0,118.40880561483792
1.2703605308679982,1,0,0,122.47307133562882
0.5147980121205388,0,0,0,120.91432547716455
1.556002125215857,0,0,0,123.9030981168713
-0.9497522948808307,0,0,0,119.62289771069482
0.0333788341071158,0,0,0,120.3663037219648
2.1020056575400536,0,0,1,124.3776794192741
-0.663332041184661,0,0,0,119.38076764000438
0.5490556626455455,0,0,0,122.92774655872851
-0.47305183100144593,1,0,0,119.11087690664384
-0.932282501025124,0,1,1,122.67682795373092
-0.08900819607735032,0,1,1,122.60511612200403
-0.016166083265465744,0,0,0,118.33612253232144
-1.162470646997774,0,0,0,116.99315861946842
0.6075912500624396,0,0,0,120.1272979486878
0.03648077063454879,0,0,0,117.7112580973316
0.4894202154049012,0,0,0,120.63743308531431
-0.6033281994116758,0,0,0,119.7762522973569
1.2098146655564959,1,0,1,123.59017924579128
-0.2258274997288513,0,0,0,119.89458447405516
1.5615626188624372,0,0,1,122.59446937464382
-0.9030951068535462,0,0,0,119.88350454688074
-0.19200383410199645,0,0,0,118.24367342870714
-1.5065902445485146,0,0,0,118.32741820938824
0.08189759843633106,0,0,0,120.93958538581128
0.48158252954597086,1,1,0,124.49834680727872
0.18794463426368843,0,0,0,121.30486480135576
0.8855955603271229,1,0,0,121.9769787821634
2.0959446959048926,0,0,0,124.23229209562368
0.6523265460047117,0,1,0,122.68404971068878
-1.3434671274317818,0,0,1,118.9699656195336
-0.08083321900018103,0,0,0,119.40061002210577
0.5265866361931844,0,0,0,120.95239881376985
-0.8343868161500703,1,0,0,119.6776877960206
-0.8126652516538463,1,0,0,121.41084065208554
-0.5190876356058712,0,0,0,118.88028737798844
1.226747197826768,0,0,0,122.85221051443702
-0.7760088688641591,0,0,0,117.99881150434874
-1.067128508618825,0,0,1,119.41304724660552
0.6730316327787395,0,0,0,121.45615391204032
-0.3625531697298971,0,0,0,120.17279756613064
0.17481210108787373,0,0,0,120.32275008760182
-1.220183138777525,0,0,0,117.87103593122576
-0.9159458746432424,0,0,0,120.16903354242667
1.233373991632953,0,0,0,121.50063618518068
2.0204013070186564,0,0,0,122.10430962095316
0.7746150085160337,0,0,0,122.05441736939558
-0.14212450157853088,0,0,0,120.46535255029556
1.6460547270403765,0,0,1,124.43463256450111
-0.348844559489783,0,0,0,120.1718759772615
0.206809963996462,0,0,0,121.78370336702308
0.485434089078749,0,0,0,119.18348230960244
-0.16493256273695306,0,0,0,120.09608360346624
-1.0640237369923782,0,0,0,119.73002858459866
-1.2573759279005228,0,0,0,116.03104592272857
1.24695261929853,0,0,0,122.67328794290772
1.2733512553294133,1,0,0,122.03120535298694
0.36113263801366713,0,0,0,120.33936471154188
-1.8972509472523358,0,0,0,117.89032775983053
0.8592538320984782,1,0,0,123.48032293795484
-0.8634546633116507,0,0,0,118.47338392963093
0.8213466526289248,0,0,1,122.65636804204392
-0.932830330626926,0,0,0,117.6553527366511
1.8915875557569495,0,0,0,123.73908926006231
1.6183856231785485,0,0,0,123.0959125069346
-0.6592516140038316,0,0,0,117.54292747336876
0.9358078187630843,1,1,1,128.7372701456142
-0.16602017072333855,0,1,0,121.53160821886276
-0.4112450720210676,0,0,0,119.7203789307148
1.1427528781749865,0,0,0,120.21430717621573
-1.1379925640271307,0,0,0,117.59559459515232
1.4938655639509746,0,0,0,122.97360260610004
-0.2643078446460033,0,1,0,121.47846478363827
-0.45335076572904753,0,0,0,118.24000193116946
1.3096793046617001,1,1,1,128.10283049783786
0.38163729858319945,0,0,0,119.88966037074633
0.3733115836356216,0,0,0,119.28141914156348
2.1212189561812504,0,0,0,125.82787036583244
-0.7236458854538736,0,0,0,120.15298681790516
0.15486379672240838,0,0,0,120.5867549861696
-0.20321215717519645,0,1,0,120.4573532883841
-1.263964814389451,0,0,0,117.66685227566484
0.6978108315488352,1,1,1,127.30221157384096
-0.2599830754764864,0,0,0,119.39600239316457
0.7651121967493455,0,1,0,123.87018471328344
0.20253086418357763,0,0,0,119.3505728612309
2.462824312991907,0,1,0,126.1793030599894
-0.22734061350799967,0,0,0,121.24063948120804
0.0979443548540588,0,0,0,119.33939588068615
2.1326152312810076,0,0,1,126.54626840005788
0.8633936416197806,0,0,0,121.20948126632912
0.8124867147460346,0,0,0,123.1136216871268
-0.4546954959510289,0,1,0,122.04761157220484
2.0095421280075736,0,0,0,123.44666122438792
0.25133688047639774,0,0,0,120.28369990703828
-0.33855414729325517,0,0,0,120.1561173290959
2.0446996914855005,1,0,0,123.74009269040675
-1.9521404200666934,0,0,0,116.53716605596117
-1.4696923514105913,0,0,0,116.57158182040716
0.17684316661037483,0,0,0,119.90216889224138
0.6566920060275956,0,1,0,124.32135520201494
0.23811062181822262,0,0,1,123.0439530327309
-0.620388982091269,0,0,0,120.67510625600696
0.10023310042068513,0,0,0,120.85214780760732
-1.6536876038677621,0,0,0,118.0060037777651
-0.10991464559341751,0,0,0,121.0242306560402
-0.645386190199363,1,0,0,121.42036680793372
0.8129631217699134,0,0,0,121.28592071746272
-2.003445134743665,0,1,0,119.35045128331056
0.7568075446007333,0,0,1,121.93188794493982
1.5400924707365284,0,0,0,120.94658222509374
-0.16814722269505025,0,1,1,122.53736156027368
0.3542179942247428,0,0,0,121.51339847052029
0.7749665233218774,0,0,0,122.40569698636104
-1.2962982844879063,0,0,0,121.24300842790431
0.990581584522668,0,0,0,120.31278988097004
0.3768645681361533,0,1,0,121.91368551192537
1.4452145199433475,0,0,0,122.8752033508436
0.5244394866203055,0,0,0,120.27754625098032
-0.916982655305872,0,0,1,119.70581187415192
-0.6579238892027787,0,0,0,118.3421076235033
-0.3324246470664828,0,0,0,120.96283736080078
0.11124824150469063,0,0,0,121.14415078867928
-0.7913410759042974,0,0,0,117.52221053060131
-1.734914107124204,0,0,0,116.63454372176216
0.08370322786829598,0,0,0,119.6615800400118
-0.23193464544857714,0,0,0,119.60640841374364
1.3950167534171167,0,0,1,122.4310198510899
1.715320652611487,0,1,0,125.15413699447812
0.06285514309001133,0,0,0,120.25128941622766
0.37713105420027593,0,1,1,124.35993915620732
-0.5299400973868759,0,0,0,117.96617587009288
1.1318165923538026,0,0,0,118.90625511904923
-1.0303439155417808,0,0,0,119.20428773441904
0.17295270859367495,0,0,0,119.10521055278656
-0.8583862145398655,0,0,0,119.11394422332008
-0.5259399591210573,0,0,0,119.93009378102391
0.21874507707185756,0,0,0,121.39360164473467
0.2252344314840965,0,1,0,123.02248164595196
2.1295694407277175,1,0,0,125.88222809638742
1.6255988829572137,0,0,0,122.28410337037978
0.7716260845054067,0,0,0,120.83620719302432
0.2773878967911796,0,0,0,121.21893573507312
-0.8841238344452049,0,0,0,118.0452748884446
-0.014218110903818458,0,0,0,121.18043058778044
-0.0694114712723787,0,0,0,119.70982958456564
0.2727033083735442,0,0,0,118.923568003809
0.7462429379266545,0,1,1,124.88120489530054
1.1999624707766305,0,0,0,122.75120753569053
0.4621134737329489,0,0,0,121.20291730851112
0.6151305975194251,0,0,0,122.25485686274374
0.056241120770606085,0,0,0,122.27718394188577
0.6139811694920991,0,0,0,120.35623448589504
-0.6788290421018266,0,0,0,119.83846489340046
-0.019658348540791168,0,1,0,123.85316623731812
-0.3465202040297362,0,0,0,121.06867622512962
-0.9134876945999156,0,0,0,120.28098737526892
-1.1335395961489332,1,0,0,118.32149817217356
-0.0022627690734426747,0,0,0,119.96935312497044
-0.25502679390250244,0,1,1,123.51785598188744
1.0070400129342176,0,0,0,122.26472547040773
-0.6294337812995812,0,0,0,120.50274110907866
0.8659232376572273,0,0,1,123.04125003412764
-1.637787483468584,0,0,0,117.82107000121502
0.3707839302308034,1,0,0,120.86349954336907
-0.8412317414707325,0,0,0,120.02327786465575
0.5288526138540539,0,0,0,119.65223688810022
1.7428718885255243,0,1,0,124.38644300866171
0.31452913657305553,0,0,1,123.19338562836047
-0.8497702793433267,1,1,1,124.0231728208166
0.16279748713851502,0,0,0,120.3172517960287
-0.49338002096471945,0,0,0,119.04224619392426
-0.5655988112804118,0,0,0,120.84492336688594
0.30704141983646543,0,0,0,118.56560853617208
1.8506957613328274,0,0,0,123.53075861716326
0.23353906615225492,0,0,0,121.46570446985616
1.208306957962982,0,0,0,122.18719021449802
-0.4935954882164564,0,1,1,122.45494678626312
0.8935658572052704,0,0,0,121.16789936212808
-0.9061714423479944,1,0,0,120.0889644959176
-1.8118612999336154,0,0,0,117.80198820951333
0.2823036874201489,0,1,1,123.29068752415388
-0.11313205087567783,0,0,0,121.09641300906333
-0.20568012774209768,0,1,0,122.14263181772252
-0.23092160553031152,0,0,1,121.48031025664604
0.41127038343426986,0,0,1,123.4238990534446
-0.2783277941104012,0,0,0,118.67358159998744
-1.1818448064188467,0,0,0,117.6896627081525
-0.9554001482385299,0,0,0,119.06315124174392
1.2016766469635045,1,0,0,124.07179055333609
0.5553427672800025,0,0,0,121.67374413016698
1.3243150359574893,0,0,0,121.88560246459764
-0.6370683425847504,0,1,0,122.31691844391564
-2.01798894952425,0,1,0,119.87852655145036
-0.8829070147480832,0,0,0,118.9088482629494
0.20591955491202424,0,0,0,122.5093488341295
1.0141390279284594,0,0,0,121.25079135898054
1.168206478595384,0,1,0,124.3469066199597
0.2525092933742892,0,0,0,118.57302973038216
1.0426463756365834,0,0,0,120.43663442036578
-0.9551684449372396,0,0,0,119.037955311842
0.4111464337351954,0,0,0,118.98980968127708
1.5177962956383995,0,0,0,120.80176740272204
0.10605375262484744,0,0,0,119.87117424571235
-1.71122483616271,0,0,0,118.23527774294098
-2.099160538411186,0,0,0,116.20501377720608
-0.6236573432207897,0,0,0,117.97765730742046
0.3115216320208076,0,0,0,118.98292618534514
1.3437828942153878,1,1,1,127.43674230204252
0.6005221382508116,0,0,0,121.1293632000117
0.5865618644618457,1,0,0,123.04127341491534
-1.5349623921574798,0,0,0,119.58351828035616
-0.37073710910922075,0,0,0,117.70109482808428
0.8877403489294448,0,0,0,121.61584136126416
0.329638446675648,1,0,1,124.64219493300624
-1.023108506280993,0,0,1,119.45782515406938
-0.03922471687096431,0,0,0,117.27075003311523
0.6227500287774265,0,0,0,120.87418920827407
0.9385350619099038,1,0,0,123.62068352379364
-0.30114357077931925,0,0,0,119.29644425025498
1.2688396306950747,0,0,0,121.26478428257406
-2.761872460127183,0,0,0,115.2607428198258
1.3546719866743495,0,0,0,122.39125308471512
0.8241834563584203,0,0,1,124.08588730287492
-0.2749799419218054,0,0,0,119.82925473690304
-1.6156229325542346,0,0,0,118.666491037204
-0.6916090330450679,0,0,0,117.6885525550533
0.499612033301974,0,0,0,119.02635434812709
0.1889897442046535,1,0,0,122.26008813045526
0.16976477757014005,0,0,0,122.79662593862436
-0.36571198209304223,0,0,0,119.27239791752764
1.3721800707162546,0,1,1,125.91815269806438
-0.01439889203341613,0,0,0,120.94443371567188
0.5260365798641772,0,0,0,120.57110775736292
-0.08548918365463826,0,0,0,118.8024571322333
-0.7985930318739988,0,0,1,120.41769280249991
0.17996181558023275,0,0,0,121.9770732155424
-0.11150671329370195,0,0,0,119.28027104110194
0.41558535216736087,1,0,0,121.45762026722666
-0.5713881057667086,0,0,1,121.8918974282748
-0.6172569378995146,1,1,0,124.37895069074986
-0.5790688270371044,0,0,0,120.83260339101824
-0.24789909999627727,0,1,0,123.57126549863678
-1.3844078783088747,0,0,0,117.1428995646145
-0.8104888620464821,0,0,0,121.47239055462484
-0.23560108441529778,0,0,0,118.5355373844375
0.03604013381775591,1,0,1,122.5978203414368
-0.19290171272781098,0,0,0,120.81398026933476
-0.04178586776959514,0,0,0,119.10782745730953
0.6061553175705858,0,0,0,120.35197444093014
-1.195763874110025,0,0,0,120.78428811569457
0.9577928038834513,0,0,0,122.04052014928835
-0.024054982470507896,0,0,0,119.07073833192116
-1.2233889148551598,0,0,0,117.9499094246046
0.793246680570929,0,0,0,120.1147847519476
-2.0324458205101252,0,0,0,117.584549111817
-1.706908662256804,0,0,0,117.07904879297617
-0.7576320893137033,0,0,0,117.19220981655872
-0.6001828526265943,1,0,1,121.4319973254164
-0.1593538937832834,0,0,0,120.57496551867908
0.6194777963630305,0,0,0,122.07541757774544
-2.0994618205378606,1,0,0,118.49372897917478
-0.45877044615657825,0,0,0,117.12191309371646
-1.1956965381040117,0,0,0,117.94548316490206
-0.23255552040050137,0,1,0,121.8501377196838
1.1272383056051656,0,0,0,123.1815528844264
-2.35567824068635,0,0,0,114.78071761552968
-1.3216960158547177,1,0,0,119.1656171321715
0.49723096740918127,0,0,0,121.82571918827476
-1.0167313570359844,0,0,0,118.04841666433246
0.04115012916795689,0,0,0,118.5892326177912
0.3636574411106438,0,0,0,121.1275183612208
1.1466935011779766,0,1,0,125.69812944625832
1.9147271603953546,0,0,0,123.46113376783622
-0.17532717786556365,0,0,0,117.81416182961678
-0.31636953904336906,0,0,0,119.3125719844938
-0.02430425608100789,0,0,0,119.71432767143386
-0.20670932732035707,0,0,0,119.01215841690092
-1.940899965688854,0,0,0,117.05668408733958
0.296193149382817,0,0,0,120.67729889340929
0.35442460244793256,0,0,0,119.97677402626856
0.3299666314828448,0,0,0,121.41421286220368
0.8383210078476322,0,0,0,123.25253245713908
1.0240905518398862,0,0,0,122.78230757883048
-0.5277850175752712,0,0,0,119.09910884061904
-1.7893516936659437,0,0,0,117.044169482785
0.1403385623377198,0,0,0,119.0792488283817
0.40191243134796917,0,0,0,119.99226165736911
-1.7055822795628366,0,0,0,116.988277892136
-1.1870645353701432,0,0,0,118.5168874924589
-0.10970725802898654,0,0,0,121.28298920619648
1.1602243470959488,0,0,0,120.6655416819369
-1.5060692691302093,0,0,0,116.17689756772724
-2.980249812364825,0,0,0,115.0193585414656
-0.9025864595242875,0,0,0,118.31514437747622
0.07688980982166857,1,0,0,123.07971343093035
-1.1988217381481343,0,0,0,120.36578511423596
-0.9483640735876055,0,0,0,119.73610948399865
0.8699841327375065,0,0,1,123.50483115261224
0.6310381799960381,0,0,0,119.45292992930813
-1.3666066834967037,0,0,0,118.8904739569947
-0.3779742195951957,0,0,0,119.85306918484196
-1.4825977111582307,0,1,0,118.4137719663904
-0.4202009901395156,0,0,0,118.88216113496162
-0.2794173548013747,0,0,0,119.42769455529896
2.3099380369899647,1,0,0,123.75367897893403
1.7153208043999069,0,1,0,124.46087898695214
1.6847650286645506,0,0,0,123.65110291357335
-0.18077163892093812,0,1,0,123.30746102615652
1.4339147422413423,1,0,1,126.46073120512872
-0.1627939008383058,0,0,1,121.81331861950416
0.9830218588509944,0,0,0,121.53304243393995
-0.3032194180114204,0,0,1,118.59582486290276
-0.008360365312362044,0,0,1,120.69946427432492
0.01682696593753813,0,1,0,123.13800654646738
-0.7022450073018214,0,1,0,121.82605298516512
-2.443086633823073,0,0,0,116.84359802944904
0.16084855507178622,1,0,0,123.34267724057374
0.06206556128993895,0,1,0,124.83796712961684
0.7039329336074782,1,1,1,127.49848801782508
0.3664912640104413,0,1,0,123.17388180310653
-0.18625125880177687,0,0,0,119.19041492541324
-2.1163448757900305,0,0,0,115.62888431264656
-1.0342081395397864,0,0,0,118.0512373107954
0.7590752087791882,0,0,1,121.65934802092411
1.2381495444714974,1,0,0,125.11355628190476
0.09875228992884968,0,0,0,118.05621545842556
0.27591800306249004,0,1,0,123.29308317399332
-2.2597186804045784,0,0,0,115.8452899313177
1.3453260604239,0,0,0,122.70240988882958
0.8501594030497429,0,0,0,122.2978568049257
-0.5085383716299774,0,0,0,118.74426065339824
-0.9167058748849523,0,1,0,121.1646844035825
0.9284609820896966,1,0,1,126.30012274398132
1.6623709511320628,0,0,0,120.67956419516368
-0.7024592583631372,0,1,0,121.85668532395172
0.5334982161098336,0,0,0,120.7855274387676
1.875163446804496,1,1,1,127.33348248151782
0.23970235791192074,1,0,0,121.67061908161266
1.0736879062003606,0,0,0,121.1408145624308
-0.7742022865810998,0,0,0,118.11993959637002
0.9009050562720201,0,0,0,121.93425929788036
-0.17419910364238705,0,0,0,120.4764381406962
0.5478566537507664,0,0,0,121.74360277489384
0.2846032233276261,0,1,0,123.74614316443052
0.8133375340364718,0,0,0,121.8601565172198
0.9365629595836656,1,0,0,122.74716186698114
-0.7766391520993321,1,1,0,121.71075451889372
-0.38765049876819996,0,0,0,118.30216459481404
-0.07381552401913755,0,0,0,119.81352223597368
0.21614171341784177,0,0,0,121.0793814684348
-0.6330616941637565,0,1,0,121.36199979318462
0.09877573234485731,0,0,0,117.87409803080584
1.3147224755424576,0,0,1,123.6439254468903
0.17916437361681734,1,0,1,122.39595061566978
0.4905488165404723,0,0,0,120.47286837677302
0.3559996766690752,0,0,1,121.71279862380484
1.2833668806260723,0,0,1,124.72098516533416
1.1369302218885127,0,0,0,119.87029451326308
0.4036454257017763,0,0,0,119.46528716554516
-0.4764040456220114,0,0,0,119.28268341267544
0.9695066312230904,0,0,0,123.29115142685788
0.01296462874249935,0,1,0,123.03235055484488
-0.6985355802867022,1,1,1,123.93882165657844
-2.920751927949446,0,0,0,115.27760061313936
-0.2351563961142427,0,1,0,123.37808215270375
-0.45559665237795977,0,0,1,120.11743457455354
0.8513513215364412,1,0,1,125.6914660079868
0.637134399119856,0,0,0,121.7667101729072
-0.9767761255143781,0,0,0,117.23802329876798
-0.502953771638695,1,1,0,124.74316553198705
-1.2108819358406293,0,0,0,118.78047161997164
0.1455307056406409,0,1,0,124.3122682820026
0.023151305919676218,0,0,0,121.2306525323528
1.838442233531644,0,0,0,124.1498900334486
0.06499797116547441,1,0,0,120.65787929634746
-0.39450770832876664,0,0,1,120.37399298512106
1.3937707941126116,0,0,0,122.7153034121175
-0.18051713113386406,0,0,0,119.47522797015527
-0.47282673002774794,0,0,0,119.3101194387419
1.6863966113265274,0,0,0,124.17068256672036
0.42683495224940116,1,0,1,123.8546494642634
-1.082151511737046,0,0,0,118.78226689857358
1.3570849657679755,0,0,0,120.83784046633907
-0.01282333389740421,0,0,0,120.28847557562028
1.0574547671999348,0,0,0,121.21875748742502
0.14642737772762332,0,0,0,120.42439338841166
-1.032928236553188,0,0,0,118.33777741352922
-0.30750463018442686,0,0,0,120.51724166206698
-1.016059082405746,0,0,0,118.90548480327826
0.8691622931778091,0,0,0,120.64273783638085
-0.387633218949447,0,0,0,120.43480817953127
-1.7126646068905,1,0,0,119.21961858606376
1.5305575897917576,0,1,1,127.65500272116512
0.964380574255211,1,0,1,124.1743927990132
-0.40076828142939946,0,0,1,120.20830935546668
1.596767009470516,0,0,0,120.00356525007945
-1.1543894013338214,0,1,0,120.6610830303481
0.15204484931075618,1,0,0,122.41688878278114
0.25385890434981223,0,0,0,119.1006074923032
0.2325711342164837,0,0,0,120.44593062891742
0.029572943877847143,0,0,0,120.2546176298302
-1.2208133453544692,0,0,0,118.00164071477076
-0.3849798081154458,0,0,0,117.7729868890699
-1.3684615449390385,0,1,0,119.8465593863652
-1.2132172812649724,0,0,0,115.6564947273149
-0.5339288410202195,0,0,0,118.77152131297208
1.4353257882176367,0,0,1,123.20455682231864
-0.18164171103893006,0,0,0,120.07244602770923
0.6752311331059782,0,0,0,121.79554319343472
-1.1181323470789204,0,1,0,118.96806779968853
2.0659926667946964,0,0,0,123.98365173636662
1.0178613332101603,0,0,0,121.43735972955902
2.170434452473532,0,0,1,123.9248609228809
-0.986171805981639,0,0,0,117.97241500238523
-0.8499985527331541,0,0,0,119.09397958808358
-1.3502580877308168,0,0,0,117.97721836432672
0.47323781801081727,0,0,0,121.04146733310208
-0.2764123556554879,0,1,1,122.39094059396334
0.26589921532781036,0,0,0,120.30064985933534
1.3333001536412137,1,0,0,122.26672673259544
-1.0739568765977214,0,0,0,117.48173434949511
-0.3984995825847099,0,0,0,118.4426669007046
-0.14583175870687365,0,0,0,121.73184664801336
-0.08768877200424986,1,1,0,124.15057008633032
-0.8330739167418146,0,0,1,118.72860759838706
-0.6626218516370047,0,0,0,118.0099333370253
0.3923846147230639,0,0,0,122.49314429541728
0.49743224402820846,0,0,0,121.80700764779294
1.356425774477795,0,0,0,122.17689904512972
0.9754265147360112,0,0,0,122.95334314561836
-1.3775646928133534,0,1,0,120.48477886697712
0.5681210397234157,0,0,1,121.4208434009478
-0.16168443299006693,0,0,1,120.17185918648948
0.8983807563516784,0,0,1,121.37936485255356
1.6965842184701712,0,0,1,125.21356229895088
0.9581064382418719,0,0,0,120.61306422454489
-0.11527226891791252,0,0,0,120.40786642238498
-0.30431955286992124,0,0,0,119.34158577281134
-0.1187310121144636,0,0,0,119.8130911278987
-0.04526948818230229,0,0,0,120.66418687794152
1.0212735898119454,0,0,1,124.81392020173335
0.4375668552290557,0,0,0,120.11432031951992
0.7165055128696776,0,0,0,121.95476136830284
-0.5411272131816363,0,0,0,118.14713686521024
-0.6620207475955471,0,0,0,119.2571112448318
2.266924854924692,0,0,1,123.6514009047322
-1.703636494697295,0,0,0,118.57781792098618
0.02912793104333687,0,0,0,119.63044032970552
-0.25729781818732517,1,0,0,121.293189837225
-1.0073979424385546,0,0,0,118.2405153118752
-0.83418233696704,0,0,0,118.88185505686018
-0.7103235531429186,0,0,0,118.3089336369759
0.059639015954733005,0,0,0,119.59515605935562
-0.718656492484793,0,0,0,119.96339864813024
-0.6718971410506629,0,0,0,120.51877605176362
0.17656876888424414,0,0,1,122.83347044721978
-0.2955895513124535,0,0,0,119.90698356047687
0.36208124872546354,0,0,0,121.02898821221768
1.742327234718587,0,1,0,126.73682450299908
0.015467051795813053,0,0,1,122.5974282210859
-1.105987933874523,0,0,0,118.90161768689588
-1.658518379892762,0,0,0,117.64252021653822
-0.4849732315953861,0,0,0,119.48613468691072
0.920267098052304,0,0,0,121.5174172219944
-0.08305254288404589,0,0,0,118.49864386803016
1.4987675166095429,0,0,0,121.6750092261118
-0.4691571672557572,0,0,1,119.02359516954506
-0.4495091416363421,0,0,0,120.27576667508698
-0.5492374290467499,0,0,0,118.68274722481758
1.043234397018458,1,0,1,124.2131833416666
1.705689840454975,0,0,1,123.25934235714443
-0.7830228930300004,0,0,1,119.40859630287493
0.4732919692436626,1,1,1,127.24029712532376
0.35131038655504454,0,0,0,121.18064281149084
-1.610886517345838,0,0,0,118.6028785336752
0.9534241688540711,1,0,1,123.9705781686764
0.4702482929418593,1,0,0,121.20264399253664
0.6996669469128258,0,0,1,122.6782788465382
-1.0610595058268797,0,0,0,119.302925369418
-0.4386508594131793,0,0,0,120.16911768176266
1.0990309021781195,0,1,0,124.89987515396952
-2.316920906025502,0,1,0,117.1923447171427
-0.8398014736769615,0,0,0,117.2068906922482
1.651808358499051,0,0,0,123.17272232274372
1.0479824918161207,0,0,0,123.00277156065825
1.4750184582656156,0,0,0,121.19795986691476
0.3936066518070073,1,0,0,120.81168249134022
0.6833382364798127,0,0,1,121.4965222366213
0.7656851995342933,0,0,0,121.6607597581793
-0.8245470476379216,0,0,0,119.48783608375936
0.5674827607136071,0,0,0,121.90961064342876
1.8062075480384718,1,0,1,123.99507384012507
-0.8999439481110224,0,0,0,118.24183482872547
0.3640697675641399,0,0,0,119.92113689204756
0.6426628430032189,0,0,0,119.67965075753688
0.6193063834083888,0,0,0,119.4625245050747
-0.9989344000772894,0,0,0,118.30618916389746
0.1268244832878629,0,0,1,120.89116787824724
0.8063992963222473,0,0,0,119.66069498843996
1.1896441257300239,0,0,0,121.62269023752198
0.9095418030092363,0,0,0,121.70653983755552
0.49860017715733423,0,0,0,121.64867822185002
1.432711371978198,0,0,0,121.39321540692832
-0.5281162015117041,0,0,0,120.45601622319845
0.9088611654122418,1,0,0,121.746505833427
-0.106259309701298,0,0,0,118.73684994589048
-0.36564619502365564,0,0,0,120.62136101577975
0.010886923227790567,0,0,0,121.26558456947298
-0.7148445304261665,0,0,0,119.94285472389194
0.32228182887603674,0,0,0,118.86367050843404
-0.012895774696163025,0,0,1,121.55837912617976
1.5170841628880927,0,0,0,121.93127076639608
1.0659126636391736,0,0,0,123.22389011460449
0.9250428375594205,0,0,0,122.36876595112906
0.514005571499275,1,0,0,123.28652077924158
-1.480213045535316,0,0,0,118.22270599019036
2.115036071930571,0,0,0,122.51004963520992
0.029832572572579562,0,0,0,122.0939574197336
-0.1884634260214451,0,0,0,119.7788758029224
0.7695050926577619,0,0,0,122.45498947157934
0.896888734275812,0,1,1,126.34593352867309
0.942019344385461,0,0,0,121.41320179839612
-0.10806479198201009,0,1,1,125.70505429280796
0.09267183167438257,0,0,0,119.1590551078122
1.3313632276046397,0,0,0,123.31894457377726
-0.2340100488594909,0,0,0,120.81357246236529
1.2960271014346811,0,0,1,125.78352820088745
0.6266783320248377,0,0,0,120.45232891773504
1.2364889714577956,0,0,0,123.31222490698696
0.7135128061899155,0,0,1,120.70137213682324
0.13341400823393107,0,0,1,120.38007868057896
1.3691253969669424,0,0,0,122.17303370694728
-0.512486671851279,0,0,0,119.89306469646046
-0.2849540769966842,0,1,0,122.38638095483525
1.5177139756583555,1,0,0,123.9686247148761
-0.6035577820913689,0,0,0,119.39539419875376
-0.44115092352094165,0,0,0,117.24606694121032
-0.2277125796531218,0,1,0,122.55205892012526
1.3680672421929445,0,0,0,121.28500435281262
0.4732902288926447,0,0,0,120.57680079456236
-0.07570209000555765,1,1,0,122.03528508250024
-0.055113870777133395,0,0,0,119.93477769367736
1.134257171913846,1,1,1,127.98601239442118
0.4788387203979944,0,0,0,121.76724573759016
-0.2028906221866921,0,0,0,120.20094766698914
0.9129040167396477,1,0,0,123.69654208433737
0.6078881415230387,0,0,0,120.4323968188728
-2.222267565217103,0,0,0,116.92828208211984
-0.15814940765399776,0,0,0,119.17568338982144
-0.05891201598153314,1,1,0,122.79224537178126
0.8841077029223239,0,0,0,121.93470129715044
0.7302717216406482,0,0,0,122.20633932233636
-1.7443048076456351,1,1,0,123.5998595605894
-0.1677264851096698,0,0,0,121.2475132277881
0.22338231848370424,0,0,1,120.32914916493176
-0.9881497847508093,0,1,1,122.68851689516164
-0.2114810838607201,0,0,0,119.25689516424278
-1.0723825482787364,0,0,0,119.42754066327116
-0.15260705257601906,0,0,1,120.90951671158945
-1.5886166464982352,0,0,0,117.01823737903686
-0.025502813580681117,0,0,0,121.55948302212752
0.713160294535824,0,1,0,124.73779587293704
1.2491825243298733,0,0,1,123.2381244930305
1.2685986232157715,0,0,0,121.9845448153601
0.8874430677958597,0,0,0,122.39769730953672
-1.064115415894213,0,0,0,117.58371094144982
0.010090719044246877,0,0,0,118.496146105882
-0.8170887792818177,0,0,0,117.0905828938686
0.43686689207256674,1,0,1,121.72772720537948
1.5717476874626441,0,0,0,123.17416311821354
1.0117891186725179,0,0,1,123.38557236755194
-0.8573029817011836,0,0,0,118.79069744954414
-0.7191501503497577,0,0,0,118.35664919850775
2.195007981787701,0,0,0,122.90641671314889
-0.4099213522574862,0,0,0,120.4158078298972
-0.5370372308312705,0,0,0,117.66642215917848
0.8477038251183941,0,0,1,121.97147834729634
-1.0593578305569344,0,0,0,118.44933187438984
-0.7028803457800628,0,0,0,118.17917399620048
1.2907844230606977,0,0,0,121.98403241189362
-0.9407831744892362,0,0,0,119.5778294029335
-0.61634936223827,0,0,0,118.92934134536566
-0.20786302841885995,0,1,0,120.75484803746188
-0.6197815951294561,0,0,0,117.03019285756496
-1.8909471414173784,0,0,0,115.161547465634
-1.3960145106198412,0,0,0,116.61134599961528
-0.00981628460153256,0,0,0,121.1363078244796
-1.0190576004504732,0,0,0,117.6589747405393
-0.7559919540006387,0,0,0,119.84408381778252
-0.14240557727137862,0,1,0,122.78392838163944
-0.3949239199117941,1,0,0,121.97067451241054
0.6032334595197663,0,0,0,120.3650709048089
0.6810135784548828,1,0,0,120.87094061777812
0.07456054760913712,0,0,0,120.22139077342268
-0.734244170858178,0,0,1,119.20269634621964
-0.8039249237293901,0,0,0,120.86180794106508
2.7218874003596216,0,0,0,123.35718647681692
0.3037440048488418,0,0,0,120.03555592226414
-1.3635277733853453,0,0,0,116.01777930473833
-0.28947298570527347,0,0,0,119.51615280184976
0.08877577126553685,0,0,0,119.91231898062446
1.1880860924069239,0,0,0,123.03922458256368
0.9280542346839534,0,0,0,120.30013915379104
0.12154585028598545,0,0,0,120.34994137349676
1.0047918970145548,0,0,0,120.55060301359104
1.2118051068387383,0,0,0,122.11161580597316
0.23860433158738967,0,0,0,121.20289074238084
1.1278378437777483,1,1,1,126.74419407060807
-0.2577881695843608,0,0,0,121.14816593947629
